parent_file_id,subset
artic_100026,train
artic_100060,train
artic_100061,train
artic_100191,train
artic_100342,train
artic_100343,train
artic_100344,test
artic_100345,train
artic_100346,train
artic_100347,test
artic_100348,train
artic_100350,val
artic_100351,train
artic_100352,train
artic_100353,train
artic_100354,train
artic_100356,train
artic_100357,val
artic_100476,test
artic_100487,train
artic_100489,train
artic_100829,train
artic_101077,train
artic_101781,val
artic_102087,train
artic_102088,val
artic_102089,train
artic_102090,test
artic_102096,train
artic_102098,train
artic_102227,train
artic_10281,train
artic_10287,train
artic_103139,train
artic_103302,train
artic_103305,test
artic_103391,train
artic_104082,train
artic_104106,train
artic_104473,train
artic_10509,val
artic_105462,train
artic_105466,test
artic_105474,test
artic_10550,train
artic_105528,train
artic_105698,test
artic_105704,train
artic_105786,train
artic_105887,val
artic_105932,train
artic_107836,train
artic_107862,train
artic_107938,test
artic_107939,train
artic_108747,train
artic_108749,val
artic_108850,train
artic_109220,test
artic_109228,train
artic_109297,train
artic_109314,train
artic_109323,train
artic_109418,train
artic_109426,train
artic_109487,train
artic_109571,train
artic_109625,train
artic_109693,train
artic_109780,train
artic_109819,train
artic_109885,train
artic_109926,val
artic_109938,train
artic_11,train
artic_11022,train
artic_110242,train
artic_11025,train
artic_110305,train
artic_110306,train
artic_110416,train
artic_110507,train
artic_110527,train
artic_110541,train
artic_110561,val
artic_110661,val
artic_110752,val
artic_110776,train
artic_110782,train
artic_110798,train
artic_110867,test
artic_110982,train
artic_111041,train
artic_111059,train
artic_111062,train
artic_111074,train
artic_111377,test
artic_11142,train
artic_111427,train
artic_111428,train
artic_111436,test
artic_111442,train
artic_111444,train
artic_111455,train
artic_11146,val
artic_111467,train
artic_111478,test
artic_111559,train
artic_111610,val
artic_111613,train
artic_111615,val
artic_111616,val
artic_111617,train
artic_111618,train
artic_111620,train
artic_111622,train
artic_111623,train
artic_111624,test
artic_111625,train
artic_111630,train
artic_111631,train
artic_111632,train
artic_111637,train
artic_111645,train
artic_111646,train
artic_111647,test
artic_111648,test
artic_111649,train
artic_111650,test
artic_111651,train
artic_111652,val
artic_111655,train
artic_111656,test
artic_111657,val
artic_111660,train
artic_111663,train
artic_111667,train
artic_111669,train
artic_111670,val
artic_111671,train
artic_111718,train
artic_111726,train
artic_111728,train
artic_111729,train
artic_111730,train
artic_111736,train
artic_111746,train
artic_11193,train
artic_11222,val
artic_11223,train
artic_11272,val
artic_11312,test
artic_11316,test
artic_11318,val
artic_11390,train
artic_11392,train
artic_11434,val
artic_11548,test
artic_11575,train
artic_116101,train
artic_11613,train
artic_117201,train
artic_11723,train
artic_117279,train
artic_117357,train
artic_117476,test
artic_117477,train
artic_117576,train
artic_117700,train
artic_118824,train
artic_118979,train
artic_119264,val
artic_12007,train
artic_120081,train
artic_120102,train
artic_120154,train
artic_120163,train
artic_120170,train
artic_120171,train
artic_120172,train
artic_120296,train
artic_12032,train
artic_120662,train
artic_120665,train
artic_120666,val
artic_120668,train
artic_120669,val
artic_121377,test
artic_121403,train
artic_121628,train
artic_121629,train
artic_121738,train
artic_122130,train
artic_122887,val
artic_12314,val
artic_12325,train
artic_123402,val
artic_124654,train
artic_124662,train
artic_125112,test
artic_12535,val
artic_12658,val
artic_12683,train
artic_127643,train
artic_127724,train
artic_127725,train
artic_12813,test
artic_12875,train
artic_12876,train
artic_12879,train
artic_12883,train
artic_12888,train
artic_12891,train
artic_12895,train
artic_129639,train
artic_129756,train
artic_129849,train
artic_129856,train
artic_129857,train
artic_129858,train
artic_129859,train
artic_129860,train
artic_129861,train
artic_129862,test
artic_129863,val
artic_129864,train
artic_129865,train
artic_129866,test
artic_129867,train
artic_129868,val
artic_129869,test
artic_129870,train
artic_129871,train
artic_129872,train
artic_129873,train
artic_129874,train
artic_129875,train
artic_129878,train
artic_129879,train
artic_129880,train
artic_129881,test
artic_129882,train
artic_129883,test
artic_129885,train
artic_129887,train
artic_129889,train
artic_129890,train
artic_129891,train
artic_129892,train
artic_129893,train
artic_129905,test
artic_130205,train
artic_130725,train
artic_13120,train
artic_131407,train
artic_131650,val
artic_131815,val
artic_131816,test
artic_131822,train
artic_131858,train
artic_131884,train
artic_131892,train
artic_131906,train
artic_131908,train
artic_131912,val
artic_131915,val
artic_131916,train
artic_13208,train
artic_132519,val
artic_132926,train
artic_132933,train
artic_132935,val
artic_132936,val
artic_132937,val
artic_132938,train
artic_132939,train
artic_132940,train
artic_132946,train
artic_132947,train
artic_133859,val
artic_133864,train
artic_13447,test
artic_13451,train
artic_13455,train
artic_13487,train
artic_136190,train
artic_136393,train
artic_13742,train
artic_13745,train
artic_138,train
artic_13885,train
artic_13954,train
artic_13956,train
artic_139883,train
artic_139884,train
artic_139885,train
artic_139889,train
artic_139907,test
artic_14027,train
artic_140604,train
artic_140610,train
artic_142422,train
artic_142517,train
artic_14309,train
artic_14317,train
artic_14556,train
artic_14561,test
artic_14565,train
artic_14569,train
artic_14572,val
artic_14574,val
artic_14586,train
artic_14591,train
artic_14594,train
artic_14598,train
artic_14620,train
artic_14624,test
artic_14630,train
artic_14634,test
artic_14647,test
artic_14650,train
artic_14655,train
artic_14664,train
artic_14780,train
artic_14848,train
artic_14849,train
artic_14896,train
artic_14946,train
artic_15260,train
artic_15279,train
artic_15305,train
artic_15401,train
artic_15406,test
artic_15468,train
artic_15496,train
artic_15705,train
artic_15708,train
artic_15716,train
artic_15717,test
artic_15720,train
artic_15721,test
artic_16134,train
artic_16137,train
artic_16146,test
artic_16147,train
artic_16151,train
artic_16156,train
artic_16159,train
artic_16162,test
artic_16166,train
artic_16169,train
artic_16174,train
artic_16177,train
artic_16179,train
artic_16183,train
artic_16192,val
artic_16197,val
artic_16200,train
artic_16205,test
artic_16207,train
artic_16212,train
artic_16218,train
artic_16223,train
artic_16228,train
artic_16231,train
artic_16234,train
artic_16237,train
artic_16241,train
artic_16246,train
artic_16250,val
artic_16257,train
artic_16261,val
artic_16264,train
artic_16267,train
artic_16275,train
artic_16281,train
artic_16290,train
artic_16293,train
artic_16305,val
artic_16307,train
artic_16309,train
artic_16312,train
artic_16313,train
artic_16316,train
artic_16319,train
artic_16327,train
artic_16329,test
artic_16333,train
artic_16336,train
artic_16340,train
artic_16343,val
artic_16347,train
artic_16349,train
artic_16354,train
artic_16355,train
artic_16359,train
artic_16362,train
artic_16365,train
artic_16367,train
artic_16370,test
artic_16373,train
artic_16376,val
artic_16385,train
artic_16389,train
artic_16398,train
artic_16405,test
artic_16410,train
artic_16417,train
artic_16434,test
artic_16439,test
artic_16473,train
artic_16485,train
artic_16487,train
artic_16488,train
artic_16490,train
artic_16492,train
artic_16494,train
artic_16495,train
artic_16496,train
artic_16497,test
artic_16499,train
artic_16502,test
artic_16512,test
artic_16539,val
artic_16542,train
artic_16544,train
artic_16545,val
artic_16549,train
artic_16551,train
artic_16554,test
artic_16557,train
artic_16558,train
artic_16560,train
artic_16564,test
artic_16568,train
artic_16571,val
artic_16579,train
artic_16584,train
artic_16600,val
artic_16617,val
artic_16629,test
artic_16633,train
artic_16636,train
artic_16648,test
artic_16659,train
artic_16682,train
artic_16958,train
artic_17161,train
artic_17191,train
artic_17841,train
artic_17948,train
artic_17951,test
artic_18743,train
artic_18951,train
artic_19200,train
artic_19322,train
artic_19333,train
artic_19336,train
artic_19339,train
artic_20155,train
artic_20190,val
artic_20198,train
artic_20199,train
artic_20419,val
artic_20526,train
artic_20530,train
artic_20534,train
artic_20535,train
artic_20541,train
artic_20542,test
artic_20545,train
artic_20556,test
artic_20597,test
artic_20598,test
artic_20624,train
artic_20631,train
artic_20684,val
artic_20686,train
artic_20692,val
artic_20701,train
artic_21079,train
artic_21165,val
artic_21445,train
artic_2156,val
artic_2166,train
artic_21668,train
artic_21679,test
artic_21682,train
artic_2169,train
artic_2179,train
artic_21907,train
artic_21914,train
artic_21934,train
artic_21937,train
artic_22153,val
artic_22194,train
artic_22270,train
artic_22527,train
artic_22808,train
artic_22857,train
artic_22862,test
artic_22866,train
artic_22871,train
artic_23333,val
artic_23348,train
artic_23458,train
artic_23480,test
artic_23481,val
artic_23972,test
artic_23983,train
artic_24435,train
artic_24438,train
artic_24442,test
artic_24445,train
artic_24448,train
artic_24452,val
artic_24460,train
artic_24463,val
artic_24465,test
artic_24469,train
artic_24539,train
artic_24545,train
artic_24674,train
artic_24677,test
artic_24681,train
artic_25740,val
artic_25743,val
artic_25749,train
artic_25753,val
artic_25760,train
artic_25770,train
artic_25774,train
artic_25778,test
artic_25781,val
artic_25787,test
artic_25790,train
artic_25806,train
artic_25810,val
artic_25812,train
artic_25825,train
artic_25832,train
artic_25865,train
artic_25872,train
artic_25964,train
artic_26075,test
artic_26087,train
artic_26217,train
artic_26650,train
artic_27027,val
artic_27094,train
artic_27134,train
artic_27138,train
artic_27152,val
artic_27163,train
artic_27170,train
artic_27281,train
artic_27309,train
artic_27310,train
artic_27510,train
artic_27764,train
artic_27777,train
artic_27819,train
artic_27943,train
artic_27949,train
artic_27952,val
artic_27954,train
artic_27958,train
artic_27962,val
artic_27980,train
artic_27984,train
artic_27987,train
artic_27992,train
artic_28034,train
artic_28056,train
artic_28086,train
artic_28102,train
artic_28119,val
artic_28136,train
artic_28143,train
artic_28146,train
artic_28157,train
artic_28167,train
artic_28173,train
artic_28207,train
artic_28210,train
artic_28213,test
artic_28215,train
artic_28219,test
artic_2823,train
artic_28275,train
artic_28278,train
artic_28290,train
artic_28293,val
artic_28423,train
artic_28426,train
artic_28430,train
artic_28432,val
artic_28560,train
artic_28849,test
artic_28853,val
artic_28857,train
artic_28860,train
artic_28862,val
artic_28868,test
artic_28874,train
artic_28876,train
artic_29009,test
artic_29095,train
artic_29392,val
artic_29395,train
artic_29401,val
artic_29403,train
artic_29437,train
artic_29446,test
artic_29488,train
artic_29757,val
artic_29759,train
artic_30166,train
artic_30361,train
artic_30365,train
artic_30368,train
artic_30419,train
artic_30420,train
artic_30701,test
artic_30709,val
artic_30901,train
artic_31173,train
artic_31233,train
artic_31809,train
artic_31816,train
artic_31819,train
artic_32094,test
artic_32132,train
artic_32289,train
artic_32676,val
artic_32797,train
artic_32816,train
artic_33117,train
artic_33212,test
artic_33249,train
artic_33296,train
artic_33832,train
artic_34310,test
artic_34461,train
artic_34497,val
artic_35145,train
artic_35155,train
artic_35161,train
artic_35184,test
artic_35195,val
artic_35226,test
artic_35262,train
artic_35427,train
artic_3546,train
artic_3551,train
artic_35513,train
artic_35682,test
artic_36550,val
artic_36597,train
artic_36610,train
artic_37511,train
artic_37741,train
artic_39070,train
artic_39479,train
artic_39493,train
artic_39496,train
artic_39510,train
artic_39528,train
artic_39542,train
artic_39554,test
artic_39560,train
artic_39652,val
artic_39690,train
artic_39691,train
artic_39812,train
artic_39931,train
artic_39941,train
artic_39945,train
artic_39951,val
artic_39954,train
artic_3999,train
artic_40381,train
artic_40507,test
artic_40549,val
artic_40558,train
artic_40647,train
artic_40652,val
artic_4081,train
artic_4089,train
artic_4092,train
artic_4096,test
artic_41208,train
artic_41211,train
artic_41217,train
artic_41426,val
artic_42949,train
artic_43145,val
artic_43148,train
artic_43151,train
artic_43158,train
artic_43162,train
artic_43165,train
artic_43169,train
artic_43173,train
artic_43183,train
artic_43189,train
artic_43192,train
artic_43196,test
artic_43200,test
artic_43204,train
artic_43211,val
artic_44017,train
artic_44018,test
artic_44063,train
artic_44065,val
artic_4428,train
artic_44739,val
artic_44742,train
artic_44770,val
artic_44775,test
artic_44816,train
artic_44826,val
artic_44829,val
artic_44831,val
artic_44886,test
artic_44892,train
artic_45240,train
artic_45267,train
artic_45753,train
artic_45829,val
artic_45838,train
artic_46092,train
artic_46264,train
artic_46266,train
artic_46269,train
artic_46314,train
artic_46321,train
artic_46356,train
artic_46359,val
artic_46378,test
artic_46382,train
artic_46383,test
artic_46387,test
artic_46394,train
artic_46401,train
artic_46423,train
artic_46429,val
artic_46432,test
artic_46435,train
artic_46438,val
artic_46450,test
artic_46455,train
artic_46461,train
artic_46466,train
artic_46469,test
artic_46472,train
artic_46477,train
artic_46487,train
artic_47153,train
artic_47159,val
artic_47181,train
artic_4749,train
artic_4758,train
artic_47582,train
artic_47596,train
artic_47599,val
artic_4760,train
artic_47601,train
artic_47669,test
artic_4770,train
artic_4773,train
artic_4776,train
artic_47800,train
artic_47803,train
artic_4783,train
artic_4788,train
artic_4796,train
artic_4800,train
artic_48532,train
artic_48679,val
artic_48719,val
artic_48781,train
artic_4887,train
artic_4896,train
artic_49008,train
artic_49011,train
artic_49021,train
artic_49025,train
artic_49028,train
artic_49035,train
artic_49039,val
artic_49068,val
artic_49195,train
artic_49197,train
artic_49204,val
artic_49229,train
artic_49262,train
artic_49310,train
artic_49321,train
artic_49322,val
artic_49323,test
artic_49325,train
artic_49326,train
artic_49327,train
artic_49329,train
artic_49330,train
artic_49331,train
artic_49332,train
artic_49336,train
artic_49425,train
artic_49436,train
artic_49439,train
artic_495,test
artic_49643,train
artic_49651,train
artic_49661,train
artic_497,train
artic_49723,train
artic_50306,test
artic_50309,test
artic_50314,test
artic_50578,train
artic_50983,train
artic_51130,train
artic_512,train
artic_51450,test
artic_51541,val
artic_51577,train
artic_51811,val
artic_51815,test
artic_52177,train
artic_52180,train
artic_52293,train
artic_52296,train
artic_52306,train
artic_5288,val
artic_5292,train
artic_5304,train
artic_53058,test
artic_53061,test
artic_53064,train
artic_53067,val
artic_53213,test
artic_53488,train
artic_5349,train
artic_53495,val
artic_5355,train
artic_53563,train
artic_53746,train
artic_5502,train
artic_55380,test
artic_55494,val
artic_55621,train
artic_55655,train
artic_55692,test
artic_55706,test
artic_55710,train
artic_561,val
artic_56133,test
artic_56464,val
artic_56556,train
artic_56731,train
artic_56862,train
artic_56905,train
artic_57048,train
artic_57049,train
artic_57050,train
artic_57051,train
artic_57148,train
artic_57163,val
artic_57191,train
artic_57209,train
artic_57215,train
artic_57468,train
artic_57643,train
artic_57652,test
artic_57727,val
artic_57829,train
artic_57854,train
artic_57996,train
artic_58052,train
artic_5848,train
artic_58702,train
artic_58977,train
artic_58984,test
artic_59002,test
artic_59004,train
artic_59006,train
artic_59455,train
artic_59779,train
artic_59784,test
artic_59798,val
artic_59809,train
artic_59823,train
artic_59837,test
artic_59843,train
artic_59847,train
artic_59856,train
artic_59858,val
artic_59872,train
artic_59882,train
artic_59891,train
artic_59894,train
artic_59897,train
artic_59908,val
artic_59912,val
artic_59914,train
artic_59927,train
artic_59930,val
artic_59940,train
artic_59944,train
artic_59956,train
artic_59960,train
artic_59969,test
artic_59974,train
artic_59989,train
artic_6002,test
artic_6005,test
artic_60235,train
artic_60237,train
artic_60239,train
artic_60294,val
artic_60300,train
artic_60380,train
artic_60503,train
artic_60627,train
artic_60717,train
artic_60809,train
artic_60812,test
artic_60867,test
artic_61128,train
artic_61146,train
artic_61156,train
artic_61616,test
artic_61665,train
artic_62042,train
artic_62104,val
artic_62144,train
artic_62169,train
artic_62243,train
artic_62371,train
artic_62393,val
artic_62808,val
artic_64001,train
artic_64007,train
artic_64029,val
artic_64412,test
artic_64489,train
artic_64724,train
artic_64729,train
artic_64745,train
artic_64768,train
artic_64772,train
artic_64818,train
artic_64920,train
artic_64957,test
artic_64979,val
artic_64996,test
artic_65011,train
artic_65170,val
artic_65353,train
artic_65509,test
artic_65709,train
artic_65811,train
artic_65821,train
artic_65845,train
artic_65847,val
artic_65848,train
artic_65908,val
artic_65912,val
artic_65916,train
artic_65920,train
artic_65925,train
artic_65926,train
artic_65930,test
artic_65937,train
artic_65940,train
artic_66042,train
artic_66046,val
artic_66144,test
artic_663,train
artic_6735,train
artic_6793,train
artic_68041,test
artic_6831,val
artic_68388,train
artic_68428,train
artic_68433,val
artic_68784,train
artic_68792,test
artic_68931,test
artic_69041,train
artic_69137,train
artic_69138,test
artic_69139,train
artic_69447,test
artic_69533,val
artic_69538,train
artic_69541,train
artic_69780,train
artic_69844,train
artic_70118,train
artic_70592,train
artic_70594,train
artic_71018,train
artic_71191,train
artic_71509,train
artic_71573,val
artic_71771,val
artic_71777,train
artic_71971,test
artic_72180,train
artic_72183,train
artic_72190,train
artic_72193,val
artic_72320,train
artic_72375,train
artic_72380,test
artic_72398,train
artic_72801,train
artic_72864,train
artic_72951,train
artic_72953,val
artic_73054,train
artic_74242,train
artic_74884,train
artic_7489,val
artic_74967,train
artic_7503,train
artic_75068,train
artic_75091,val
artic_75317,train
artic_75320,test
artic_75361,val
artic_75390,val
artic_75392,train
artic_75393,train
artic_75409,test
artic_75507,test
artic_75538,train
artic_75568,train
artic_75574,val
artic_75957,train
artic_76212,val
artic_76267,train
artic_76275,train
artic_76279,test
artic_7633,train
artic_76391,train
artic_76571,test
artic_76645,train
artic_76810,train
artic_76816,train
artic_76868,val
artic_76869,train
artic_76877,train
artic_76879,train
artic_7688,train
artic_76890,train
artic_76893,train
artic_76899,val
artic_76900,train
artic_7691,train
artic_78285,train
artic_78289,train
artic_78290,train
artic_78506,train
artic_79025,test
artic_79037,train
artic_79310,train
artic_79349,train
artic_79505,train
artic_79507,train
artic_79572,test
artic_79584,val
artic_79586,train
artic_79716,test
artic_79777,train
artic_79789,train
artic_80071,train
artic_80072,val
artic_80073,test
artic_80084,train
artic_80213,train
artic_80215,train
artic_8034,train
artic_80348,train
artic_80374,train
artic_8044,train
artic_80450,train
artic_80475,train
artic_80499,train
artic_805,train
artic_80510,train
artic_80524,train
artic_80526,train
artic_80530,test
artic_80535,val
artic_80537,val
artic_80538,val
artic_80539,train
artic_80542,test
artic_80547,train
artic_80548,val
artic_80553,train
artic_80567,val
artic_80570,train
artic_80571,train
artic_80579,train
artic_80586,train
artic_80587,test
artic_80589,train
artic_80604,train
artic_80607,train
artic_80720,train
artic_8097,test
artic_8104,train
artic_81500,val
artic_81503,test
artic_81505,train
artic_81507,test
artic_81509,train
artic_81510,train
artic_81512,test
artic_81515,train
artic_81516,test
artic_81519,val
artic_81521,train
artic_81522,train
artic_81525,test
artic_81533,train
artic_81535,train
artic_81537,train
artic_81539,test
artic_81540,train
artic_81545,test
artic_81546,test
artic_81548,train
artic_81551,train
artic_81552,test
artic_81555,train
artic_81557,train
artic_81558,test
artic_81561,train
artic_81564,train
artic_81566,train
artic_81568,train
artic_81572,train
artic_81574,train
artic_81576,train
artic_8209,train
artic_8232,train
artic_82511,train
artic_8360,train
artic_84076,train
artic_84088,train
artic_84096,test
artic_84100,train
artic_84123,train
artic_84705,test
artic_84707,train
artic_84709,train
artic_84735,test
artic_8475,train
artic_84767,train
artic_8606,test
artic_8610,train
artic_862,train
artic_86232,train
artic_86233,train
artic_86236,train
artic_86297,train
artic_86298,train
artic_863,train
artic_86323,train
artic_86338,train
artic_864,test
artic_86441,train
artic_86451,train
artic_867,train
artic_86782,train
artic_869,train
artic_86904,train
artic_86994,train
artic_86998,test
artic_87000,train
artic_87045,train
artic_87054,train
artic_87088,val
artic_87201,test
artic_87260,train
artic_87263,val
artic_873,val
artic_87310,train
artic_874,train
artic_87431,train
artic_87467,test
artic_87479,train
artic_87515,train
artic_876,train
artic_87633,test
artic_87637,train
artic_87643,train
artic_877,train
artic_87763,val
artic_878,train
artic_879,test
artic_880,val
artic_881,train
artic_882,test
artic_88258,train
artic_883,test
artic_884,train
artic_88404,val
artic_885,val
artic_88560,train
artic_88582,train
artic_886,train
artic_88619,train
artic_88632,val
artic_887,train
artic_88793,test
artic_889,val
artic_890,train
artic_8900,val
artic_89043,test
artic_891,train
artic_893,train
artic_894,test
artic_895,test
artic_89516,test
artic_89519,test
artic_8953,train
artic_8958,val
artic_896,train
artic_89626,train
artic_8969,train
artic_897,train
artic_8971,train
artic_898,train
artic_8980,train
artic_8983,test
artic_8987,train
artic_899,train
artic_8991,train
artic_89984,train
artic_9,train
artic_90024,test
artic_90048,train
artic_90060,train
artic_90062,train
artic_90064,train
artic_90071,train
artic_90207,test
artic_9021,train
artic_90333,val
artic_90437,val
artic_90906,train
artic_9148,val
artic_92960,train
artic_92961,val
artic_92963,train
artic_92964,train
artic_92965,train
artic_92966,train
artic_92967,test
artic_92968,train
artic_92975,train
artic_9312,train
artic_93342,train
artic_93372,train
artic_93394,test
artic_93450,val
artic_93521,train
artic_93554,train
artic_93737,val
artic_93780,train
artic_93781,train
artic_93782,train
artic_93783,train
artic_93784,val
artic_93900,train
artic_93923,train
artic_93926,train
artic_94123,test
artic_94124,train
artic_94125,test
artic_94126,test
artic_94127,val
artic_94239,test
artic_94240,val
artic_94241,val
artic_94840,train
artic_94841,train
artic_94842,val
artic_95108,train
artic_95183,train
artic_95613,train
artic_95654,train
artic_95993,train
artic_95998,train
artic_96558,train
artic_96559,train
artic_96621,test
artic_96627,train
artic_9672,train
artic_97291,train
artic_97292,val
artic_97681,test
artic_97873,train
artic_97884,val
artic_97887,test
artic_97890,train
artic_97891,test
artic_97892,train
artic_97893,train
artic_97894,test
artic_97895,train
artic_97896,train
artic_97897,test
artic_97898,train
artic_97902,train
artic_97907,train
artic_97908,train
artic_97909,train
artic_97910,train
artic_97912,test
artic_97933,train
artic_9838,train
artic_99306,train
artic_99357,train
artic_99359,test
artic_99362,test
artic_99424,val
artic_99652,train
artic_99653,train
artic_99654,train
cleveland_100489,test
cleveland_100493,train
cleveland_100558,test
cleveland_100559,val
cleveland_101158,train
cleveland_101355,train
cleveland_101356,train
cleveland_101357,train
cleveland_101358,train
cleveland_101359,val
cleveland_101461,train
cleveland_101471,train
cleveland_101493,val
cleveland_101496,val
cleveland_101852,train
cleveland_102067,train
cleveland_102100,train
cleveland_102101,train
cleveland_102386,train
cleveland_102578,train
cleveland_103366,train
cleveland_103625,train
cleveland_103789,train
cleveland_103824,train
cleveland_103837,train
cleveland_103997,train
cleveland_104168,train
cleveland_104197,train
cleveland_104793,val
cleveland_104996,train
cleveland_105224,train
cleveland_105480,train
cleveland_106088,train
cleveland_106093,val
cleveland_106094,test
cleveland_106641,val
cleveland_106780,train
cleveland_106958,train
cleveland_106969,train
cleveland_107283,val
cleveland_107357,test
cleveland_107358,train
cleveland_107359,train
cleveland_107360,train
cleveland_107362,train
cleveland_108009,train
cleveland_108010,val
cleveland_108157,test
cleveland_108180,test
cleveland_108445,train
cleveland_108532,test
cleveland_108541,val
cleveland_108555,train
cleveland_108806,train
cleveland_108809,test
cleveland_108978,train
cleveland_108999,train
cleveland_109029,test
cleveland_109030,train
cleveland_109238,train
cleveland_109239,train
cleveland_109240,test
cleveland_109242,test
cleveland_109244,val
cleveland_109245,train
cleveland_109247,val
cleveland_109248,train
cleveland_109249,train
cleveland_109250,train
cleveland_109354,train
cleveland_109628,train
cleveland_109971,val
cleveland_109973,train
cleveland_109974,train
cleveland_110176,val
cleveland_110177,train
cleveland_110180,train
cleveland_110566,train
cleveland_110952,test
cleveland_110953,val
cleveland_111435,val
cleveland_111470,train
cleveland_111479,train
cleveland_111511,test
cleveland_111691,val
cleveland_111789,train
cleveland_112625,train
cleveland_112626,train
cleveland_112831,train
cleveland_112856,val
cleveland_112858,train
cleveland_113026,train
cleveland_113028,train
cleveland_113029,train
cleveland_113033,train
cleveland_113034,train
cleveland_113037,val
cleveland_113039,val
cleveland_113040,train
cleveland_113041,train
cleveland_113042,train
cleveland_113043,test
cleveland_113044,test
cleveland_113046,train
cleveland_113047,train
cleveland_113049,train
cleveland_113050,train
cleveland_113053,train
cleveland_113054,train
cleveland_113055,train
cleveland_113056,train
cleveland_113058,train
cleveland_113060,train
cleveland_113061,train
cleveland_113062,train
cleveland_113063,train
cleveland_113065,train
cleveland_113067,train
cleveland_113069,train
cleveland_113072,train
cleveland_113075,train
cleveland_113076,train
cleveland_113077,val
cleveland_113078,train
cleveland_113079,val
cleveland_113080,train
cleveland_113085,train
cleveland_113086,val
cleveland_113088,train
cleveland_113089,train
cleveland_113094,train
cleveland_113096,train
cleveland_113164,train
cleveland_113202,train
cleveland_113364,val
cleveland_113365,test
cleveland_113366,train
cleveland_113945,train
cleveland_114146,test
cleveland_114147,test
cleveland_114148,val
cleveland_114208,train
cleveland_114209,train
cleveland_114613,train
cleveland_114614,train
cleveland_114615,train
cleveland_114616,train
cleveland_114618,train
cleveland_114684,test
cleveland_114777,train
cleveland_114778,train
cleveland_115050,train
cleveland_115067,train
cleveland_115394,test
cleveland_115405,train
cleveland_115783,test
cleveland_115985,train
cleveland_115986,train
cleveland_115987,val
cleveland_115988,train
cleveland_116901,test
cleveland_117032,val
cleveland_117464,test
cleveland_117466,train
cleveland_117468,train
cleveland_117657,val
cleveland_117658,train
cleveland_117661,train
cleveland_117662,train
cleveland_117663,train
cleveland_117664,train
cleveland_117665,test
cleveland_117667,train
cleveland_117669,val
cleveland_117670,train
cleveland_117671,train
cleveland_117672,train
cleveland_117673,train
cleveland_117674,test
cleveland_117675,train
cleveland_117676,train
cleveland_117677,train
cleveland_117715,train
cleveland_117758,test
cleveland_117771,val
cleveland_117774,val
cleveland_117783,test
cleveland_117794,test
cleveland_117805,val
cleveland_117808,test
cleveland_117843,test
cleveland_117873,train
cleveland_117893,train
cleveland_118040,train
cleveland_118041,test
cleveland_118042,train
cleveland_118116,train
cleveland_118159,train
cleveland_118604,train
cleveland_118630,train
cleveland_118643,train
cleveland_118679,train
cleveland_118792,train
cleveland_119007,train
cleveland_119697,test
cleveland_119698,train
cleveland_119701,train
cleveland_119703,test
cleveland_119705,train
cleveland_120286,train
cleveland_120456,val
cleveland_120877,train
cleveland_120996,train
cleveland_120997,train
cleveland_120998,train
cleveland_121188,train
cleveland_121343,test
cleveland_121358,train
cleveland_121862,val
cleveland_121865,val
cleveland_121868,train
cleveland_121871,val
cleveland_121872,train
cleveland_121873,train
cleveland_121874,val
cleveland_121875,train
cleveland_121876,train
cleveland_121877,train
cleveland_121880,train
cleveland_121946,train
cleveland_122166,train
cleveland_122223,train
cleveland_122334,train
cleveland_122336,train
cleveland_122338,train
cleveland_122339,train
cleveland_122340,train
cleveland_122341,val
cleveland_122344,train
cleveland_122345,train
cleveland_122346,train
cleveland_122347,test
cleveland_122349,train
cleveland_122350,test
cleveland_122351,train
cleveland_122644,val
cleveland_123024,train
cleveland_123149,test
cleveland_123168,train
cleveland_123435,train
cleveland_123490,test
cleveland_123953,test
cleveland_124010,train
cleveland_124011,train
cleveland_124012,train
cleveland_124017,train
cleveland_124040,train
cleveland_124050,train
cleveland_124076,val
cleveland_124078,val
cleveland_124082,train
cleveland_124084,train
cleveland_124086,train
cleveland_124087,test
cleveland_124090,train
cleveland_124092,train
cleveland_124117,train
cleveland_124118,train
cleveland_124164,train
cleveland_124169,train
cleveland_124170,train
cleveland_124256,test
cleveland_124414,train
cleveland_124679,train
cleveland_124754,val
cleveland_124758,train
cleveland_124771,train
cleveland_124796,train
cleveland_124801,train
cleveland_124803,train
cleveland_124804,train
cleveland_124879,test
cleveland_124990,val
cleveland_125058,test
cleveland_125090,test
cleveland_125091,train
cleveland_125093,test
cleveland_125104,train
cleveland_125234,train
cleveland_125236,train
cleveland_125247,val
cleveland_125248,train
cleveland_125249,test
cleveland_125460,train
cleveland_125579,train
cleveland_125582,train
cleveland_125817,train
cleveland_125879,test
cleveland_125880,train
cleveland_125885,val
cleveland_125886,val
cleveland_125942,train
cleveland_125943,test
cleveland_125944,train
cleveland_125945,test
cleveland_125946,test
cleveland_125949,train
cleveland_125950,train
cleveland_125951,train
cleveland_126243,train
cleveland_126722,train
cleveland_126768,val
cleveland_126769,test
cleveland_126771,train
cleveland_126772,train
cleveland_126773,val
cleveland_127046,train
cleveland_127047,train
cleveland_127224,train
cleveland_127238,train
cleveland_127571,train
cleveland_127572,train
cleveland_127573,train
cleveland_127664,train
cleveland_127739,train
cleveland_127746,val
cleveland_127953,train
cleveland_128072,test
cleveland_128074,train
cleveland_128075,train
cleveland_128363,train
cleveland_128364,train
cleveland_128368,test
cleveland_128371,train
cleveland_128373,train
cleveland_128375,val
cleveland_128389,val
cleveland_128390,test
cleveland_128391,test
cleveland_128392,train
cleveland_128393,train
cleveland_128394,train
cleveland_128458,test
cleveland_128459,val
cleveland_128839,train
cleveland_128840,train
cleveland_128841,train
cleveland_128842,train
cleveland_128877,val
cleveland_128950,train
cleveland_129218,val
cleveland_129219,train
cleveland_129220,train
cleveland_129300,test
cleveland_129386,train
cleveland_129801,test
cleveland_129803,val
cleveland_129804,train
cleveland_129805,train
cleveland_129859,train
cleveland_129860,train
cleveland_129861,val
cleveland_129862,train
cleveland_130132,train
cleveland_130161,train
cleveland_130163,train
cleveland_130218,train
cleveland_130219,train
cleveland_130220,train
cleveland_130358,train
cleveland_130361,val
cleveland_130365,test
cleveland_130377,train
cleveland_130391,train
cleveland_130392,train
cleveland_130396,train
cleveland_130457,train
cleveland_130495,train
cleveland_130496,train
cleveland_130497,train
cleveland_130637,train
cleveland_130656,train
cleveland_130707,train
cleveland_130940,train
cleveland_130942,train
cleveland_130967,train
cleveland_130981,test
cleveland_130982,train
cleveland_131335,val
cleveland_131336,train
cleveland_131671,train
cleveland_131673,val
cleveland_131793,train
cleveland_131819,train
cleveland_131820,train
cleveland_132014,val
cleveland_132015,train
cleveland_132016,train
cleveland_132017,train
cleveland_132049,test
cleveland_132050,train
cleveland_132305,val
cleveland_132365,test
cleveland_132367,train
cleveland_132647,train
cleveland_132820,train
cleveland_132821,train
cleveland_132833,val
cleveland_132834,test
cleveland_132835,train
cleveland_132836,train
cleveland_132837,train
cleveland_132838,train
cleveland_132839,val
cleveland_132840,train
cleveland_132841,train
cleveland_132908,val
cleveland_132919,train
cleveland_132920,train
cleveland_132921,train
cleveland_132922,train
cleveland_132923,train
cleveland_132924,train
cleveland_132925,test
cleveland_132926,train
cleveland_132927,train
cleveland_132928,test
cleveland_132929,train
cleveland_132930,test
cleveland_132931,train
cleveland_133000,test
cleveland_133012,test
cleveland_133024,train
cleveland_133057,train
cleveland_133070,train
cleveland_133071,train
cleveland_133073,train
cleveland_133074,train
cleveland_133076,train
cleveland_133077,train
cleveland_133080,val
cleveland_133082,test
cleveland_133083,train
cleveland_133085,train
cleveland_133086,val
cleveland_133088,test
cleveland_133089,val
cleveland_133151,train
cleveland_133294,train
cleveland_133296,train
cleveland_133298,val
cleveland_134072,test
cleveland_134237,train
cleveland_134468,train
cleveland_134607,val
cleveland_134610,test
cleveland_134620,train
cleveland_134789,train
cleveland_134862,train
cleveland_134863,train
cleveland_134933,train
cleveland_134962,train
cleveland_134963,train
cleveland_135085,train
cleveland_135141,train
cleveland_135143,train
cleveland_135144,train
cleveland_135173,train
cleveland_135181,train
cleveland_135182,train
cleveland_135185,test
cleveland_135214,train
cleveland_135238,train
cleveland_135265,train
cleveland_135273,train
cleveland_135299,val
cleveland_135310,train
cleveland_135311,train
cleveland_135323,test
cleveland_135333,train
cleveland_135336,train
cleveland_135371,test
cleveland_135382,train
cleveland_135394,train
cleveland_135420,train
cleveland_135428,train
cleveland_135432,test
cleveland_135480,train
cleveland_135483,train
cleveland_135486,train
cleveland_135487,train
cleveland_135512,train
cleveland_135517,val
cleveland_135518,train
cleveland_135593,train
cleveland_135594,train
cleveland_135655,train
cleveland_135659,train
cleveland_135661,val
cleveland_135836,train
cleveland_135840,val
cleveland_135953,val
cleveland_135964,train
cleveland_136207,train
cleveland_136216,train
cleveland_136217,train
cleveland_136270,train
cleveland_136275,val
cleveland_136285,train
cleveland_136295,train
cleveland_136296,train
cleveland_136297,test
cleveland_136298,train
cleveland_136312,train
cleveland_136313,train
cleveland_136332,test
cleveland_136333,train
cleveland_136418,test
cleveland_136419,val
cleveland_136463,train
cleveland_136464,val
cleveland_136467,test
cleveland_136468,test
cleveland_136469,train
cleveland_136470,val
cleveland_136471,train
cleveland_136472,train
cleveland_136474,test
cleveland_136475,train
cleveland_136476,test
cleveland_136477,train
cleveland_136478,train
cleveland_136507,train
cleveland_136509,test
cleveland_136510,train
cleveland_136572,test
cleveland_136610,train
cleveland_136666,train
cleveland_136668,val
cleveland_136680,test
cleveland_136682,test
cleveland_136692,train
cleveland_136757,test
cleveland_136758,train
cleveland_136759,test
cleveland_136760,train
cleveland_136865,train
cleveland_136911,test
cleveland_136922,train
cleveland_136933,train
cleveland_136949,train
cleveland_136952,train
cleveland_136959,test
cleveland_137044,val
cleveland_137120,val
cleveland_137121,test
cleveland_137125,train
cleveland_137195,val
cleveland_137202,train
cleveland_137203,train
cleveland_137204,train
cleveland_137205,train
cleveland_137206,train
cleveland_137210,train
cleveland_137212,test
cleveland_137217,train
cleveland_137219,train
cleveland_137224,train
cleveland_137259,train
cleveland_137313,val
cleveland_137331,train
cleveland_137333,train
cleveland_137334,train
cleveland_137335,train
cleveland_137358,train
cleveland_137359,val
cleveland_137360,val
cleveland_137361,test
cleveland_137362,train
cleveland_137363,train
cleveland_137364,train
cleveland_137365,train
cleveland_137367,val
cleveland_137368,train
cleveland_137369,val
cleveland_137370,train
cleveland_137371,train
cleveland_137372,val
cleveland_137374,train
cleveland_137377,val
cleveland_137378,train
cleveland_137379,train
cleveland_137380,train
cleveland_137381,test
cleveland_137382,train
cleveland_137383,train
cleveland_137384,val
cleveland_137386,train
cleveland_137387,train
cleveland_137388,val
cleveland_137389,train
cleveland_137390,train
cleveland_137391,train
cleveland_137392,train
cleveland_137393,train
cleveland_137394,train
cleveland_137395,train
cleveland_137396,train
cleveland_137397,train
cleveland_137399,val
cleveland_137400,train
cleveland_137401,test
cleveland_137403,train
cleveland_137404,train
cleveland_137405,train
cleveland_137406,train
cleveland_137407,train
cleveland_137408,test
cleveland_137411,test
cleveland_137412,train
cleveland_137413,train
cleveland_137414,train
cleveland_137415,train
cleveland_137416,train
cleveland_137417,train
cleveland_137418,train
cleveland_137419,train
cleveland_137420,train
cleveland_137421,val
cleveland_137422,test
cleveland_137423,train
cleveland_137424,val
cleveland_137425,train
cleveland_137427,train
cleveland_137428,train
cleveland_137429,test
cleveland_137430,test
cleveland_137431,train
cleveland_137432,train
cleveland_137433,train
cleveland_137434,train
cleveland_137435,test
cleveland_137436,test
cleveland_137437,train
cleveland_137438,train
cleveland_137439,train
cleveland_137440,train
cleveland_137441,train
cleveland_137442,train
cleveland_137443,val
cleveland_137444,train
cleveland_137445,train
cleveland_137446,train
cleveland_137447,train
cleveland_137448,test
cleveland_137450,test
cleveland_137452,train
cleveland_137454,train
cleveland_137455,train
cleveland_137456,train
cleveland_137457,val
cleveland_137458,train
cleveland_137459,val
cleveland_137461,train
cleveland_137464,train
cleveland_137465,train
cleveland_137466,train
cleveland_137467,train
cleveland_137468,train
cleveland_137469,train
cleveland_137470,val
cleveland_137471,train
cleveland_137473,train
cleveland_137474,train
cleveland_137476,train
cleveland_137477,train
cleveland_137478,train
cleveland_137479,test
cleveland_137480,train
cleveland_137481,train
cleveland_137482,train
cleveland_137483,train
cleveland_137484,train
cleveland_137485,train
cleveland_137487,train
cleveland_137488,train
cleveland_137489,train
cleveland_137490,val
cleveland_137491,val
cleveland_137492,train
cleveland_137493,test
cleveland_137494,train
cleveland_137495,val
cleveland_137496,train
cleveland_137497,test
cleveland_137501,val
cleveland_137502,train
cleveland_137503,train
cleveland_137504,test
cleveland_137505,train
cleveland_137506,train
cleveland_137507,train
cleveland_137508,train
cleveland_137509,val
cleveland_137510,train
cleveland_137511,train
cleveland_137512,val
cleveland_137513,train
cleveland_137514,train
cleveland_137516,train
cleveland_137517,train
cleveland_137518,train
cleveland_137519,train
cleveland_137520,test
cleveland_137521,train
cleveland_137522,train
cleveland_137523,test
cleveland_137524,train
cleveland_137525,train
cleveland_137526,train
cleveland_137527,test
cleveland_137528,test
cleveland_137529,train
cleveland_137530,train
cleveland_137531,train
cleveland_137532,train
cleveland_137533,test
cleveland_137534,train
cleveland_137535,train
cleveland_137536,test
cleveland_137537,train
cleveland_137538,val
cleveland_137539,val
cleveland_137540,train
cleveland_137542,train
cleveland_137543,train
cleveland_137544,train
cleveland_137545,train
cleveland_137546,test
cleveland_137547,val
cleveland_137548,train
cleveland_137549,test
cleveland_137551,train
cleveland_137552,train
cleveland_137553,test
cleveland_137554,train
cleveland_137556,test
cleveland_137557,train
cleveland_137558,train
cleveland_137559,train
cleveland_137560,train
cleveland_137561,train
cleveland_137562,train
cleveland_137563,train
cleveland_137564,train
cleveland_137565,val
cleveland_137568,test
cleveland_137569,train
cleveland_137570,train
cleveland_137571,train
cleveland_137572,train
cleveland_137573,val
cleveland_137574,train
cleveland_137575,val
cleveland_137576,train
cleveland_137577,test
cleveland_137578,train
cleveland_137579,val
cleveland_137580,train
cleveland_137581,test
cleveland_137582,train
cleveland_137583,train
cleveland_137584,train
cleveland_137585,train
cleveland_137586,train
cleveland_137587,train
cleveland_137588,train
cleveland_137591,train
cleveland_137592,train
cleveland_137593,val
cleveland_137594,train
cleveland_137595,train
cleveland_137596,test
cleveland_137597,train
cleveland_137598,test
cleveland_137599,train
cleveland_137600,train
cleveland_137602,train
cleveland_137603,train
cleveland_137604,train
cleveland_137605,train
cleveland_137606,train
cleveland_137607,val
cleveland_137610,train
cleveland_137611,val
cleveland_137612,val
cleveland_137613,test
cleveland_137614,test
cleveland_137615,train
cleveland_137616,test
cleveland_137617,val
cleveland_137618,train
cleveland_137619,train
cleveland_137620,train
cleveland_137621,train
cleveland_137622,train
cleveland_137623,test
cleveland_137624,train
cleveland_137625,train
cleveland_137626,train
cleveland_137627,train
cleveland_137629,train
cleveland_137630,test
cleveland_137631,train
cleveland_137632,val
cleveland_137633,val
cleveland_137634,train
cleveland_137635,train
cleveland_137636,test
cleveland_137637,train
cleveland_137638,test
cleveland_137640,train
cleveland_137641,train
cleveland_137642,test
cleveland_137643,train
cleveland_137644,train
cleveland_137645,train
cleveland_137646,val
cleveland_137647,train
cleveland_137649,train
cleveland_137650,train
cleveland_137651,val
cleveland_137652,train
cleveland_137653,train
cleveland_137655,val
cleveland_137656,train
cleveland_137657,train
cleveland_137658,test
cleveland_137659,val
cleveland_137660,train
cleveland_137662,val
cleveland_137664,val
cleveland_137665,train
cleveland_137667,train
cleveland_137668,train
cleveland_137669,train
cleveland_137671,train
cleveland_137672,val
cleveland_137673,train
cleveland_137674,val
cleveland_137675,train
cleveland_137676,val
cleveland_137677,train
cleveland_137678,test
cleveland_137679,train
cleveland_137680,train
cleveland_137681,train
cleveland_137682,train
cleveland_137683,train
cleveland_137684,train
cleveland_137685,train
cleveland_137686,train
cleveland_137687,val
cleveland_137689,train
cleveland_137690,train
cleveland_137691,train
cleveland_137692,train
cleveland_137693,train
cleveland_137694,train
cleveland_137695,train
cleveland_137696,train
cleveland_137697,val
cleveland_137698,val
cleveland_137699,train
cleveland_137700,val
cleveland_137701,test
cleveland_137702,test
cleveland_137704,train
cleveland_137705,train
cleveland_137706,train
cleveland_137707,train
cleveland_137708,train
cleveland_137709,train
cleveland_137710,val
cleveland_137713,train
cleveland_137714,train
cleveland_137715,train
cleveland_137716,train
cleveland_137717,train
cleveland_137718,test
cleveland_137719,train
cleveland_137720,train
cleveland_137721,train
cleveland_137722,test
cleveland_137723,train
cleveland_137724,train
cleveland_137725,train
cleveland_137726,train
cleveland_137727,val
cleveland_137728,val
cleveland_137730,train
cleveland_137731,test
cleveland_137732,val
cleveland_137733,train
cleveland_137734,train
cleveland_137735,val
cleveland_137737,test
cleveland_137738,val
cleveland_137739,val
cleveland_137740,train
cleveland_137741,train
cleveland_137742,val
cleveland_137743,train
cleveland_137744,train
cleveland_137745,train
cleveland_137746,val
cleveland_137747,train
cleveland_137749,train
cleveland_137750,train
cleveland_137751,test
cleveland_137752,test
cleveland_137753,train
cleveland_137754,train
cleveland_137755,train
cleveland_137756,train
cleveland_137757,train
cleveland_137758,val
cleveland_137759,val
cleveland_137761,val
cleveland_137762,train
cleveland_137763,train
cleveland_137764,train
cleveland_137766,train
cleveland_137767,val
cleveland_137768,val
cleveland_137769,train
cleveland_137770,train
cleveland_137771,train
cleveland_137772,train
cleveland_137773,test
cleveland_137774,test
cleveland_137775,train
cleveland_137776,train
cleveland_137777,test
cleveland_137779,train
cleveland_137780,val
cleveland_137781,val
cleveland_137782,train
cleveland_137783,val
cleveland_137785,test
cleveland_137786,train
cleveland_137787,val
cleveland_137788,train
cleveland_137789,train
cleveland_137790,train
cleveland_137791,train
cleveland_137792,val
cleveland_137794,train
cleveland_137795,train
cleveland_137796,test
cleveland_137797,train
cleveland_137798,val
cleveland_137799,train
cleveland_137800,train
cleveland_137801,train
cleveland_137802,train
cleveland_137803,train
cleveland_137805,train
cleveland_137806,train
cleveland_137809,val
cleveland_137810,test
cleveland_137811,train
cleveland_137812,train
cleveland_137813,train
cleveland_137814,val
cleveland_137815,train
cleveland_137817,train
cleveland_137818,test
cleveland_137819,train
cleveland_137820,train
cleveland_137821,train
cleveland_137822,train
cleveland_137823,val
cleveland_137824,test
cleveland_137825,train
cleveland_137827,val
cleveland_137828,train
cleveland_137829,train
cleveland_137830,train
cleveland_137831,train
cleveland_137832,train
cleveland_137833,train
cleveland_137834,val
cleveland_137835,test
cleveland_137836,train
cleveland_137837,train
cleveland_137838,train
cleveland_137839,test
cleveland_137840,train
cleveland_137841,train
cleveland_137842,test
cleveland_137843,train
cleveland_137844,train
cleveland_137845,train
cleveland_137847,train
cleveland_137848,val
cleveland_137849,val
cleveland_137851,train
cleveland_137852,train
cleveland_137853,train
cleveland_137854,train
cleveland_137855,train
cleveland_137856,train
cleveland_137857,train
cleveland_137858,test
cleveland_137859,val
cleveland_137860,val
cleveland_137861,train
cleveland_137862,val
cleveland_137863,train
cleveland_137864,train
cleveland_137865,train
cleveland_137866,test
cleveland_137867,test
cleveland_137868,train
cleveland_137869,train
cleveland_137870,train
cleveland_137871,train
cleveland_137872,train
cleveland_137873,train
cleveland_137874,train
cleveland_137875,train
cleveland_137876,train
cleveland_137878,train
cleveland_137879,train
cleveland_137880,train
cleveland_137881,train
cleveland_137882,train
cleveland_137883,test
cleveland_137884,train
cleveland_137885,train
cleveland_137886,train
cleveland_137887,train
cleveland_137888,val
cleveland_137890,train
cleveland_137892,val
cleveland_137893,train
cleveland_137894,train
cleveland_137895,train
cleveland_137896,val
cleveland_137897,train
cleveland_137898,train
cleveland_137899,test
cleveland_137901,train
cleveland_137902,train
cleveland_137903,train
cleveland_137904,train
cleveland_137905,train
cleveland_137906,train
cleveland_137909,train
cleveland_137911,train
cleveland_137912,train
cleveland_137913,train
cleveland_137914,train
cleveland_137915,train
cleveland_137916,train
cleveland_137917,train
cleveland_137918,test
cleveland_137919,train
cleveland_137920,train
cleveland_137921,test
cleveland_137922,train
cleveland_137923,test
cleveland_137924,train
cleveland_137925,val
cleveland_137926,train
cleveland_137927,train
cleveland_137928,train
cleveland_137930,train
cleveland_137931,test
cleveland_137932,train
cleveland_137933,train
cleveland_137934,train
cleveland_137936,test
cleveland_137937,train
cleveland_137938,train
cleveland_137939,train
cleveland_137940,test
cleveland_137942,val
cleveland_137943,train
cleveland_137944,train
cleveland_137945,train
cleveland_137946,val
cleveland_137948,val
cleveland_137949,test
cleveland_137951,test
cleveland_137952,train
cleveland_137954,test
cleveland_137958,train
cleveland_137960,train
cleveland_137961,train
cleveland_137962,train
cleveland_137963,val
cleveland_137964,train
cleveland_137965,train
cleveland_137966,train
cleveland_137967,train
cleveland_137968,train
cleveland_137970,val
cleveland_137971,train
cleveland_137973,train
cleveland_137974,val
cleveland_137975,train
cleveland_137976,train
cleveland_137977,train
cleveland_137978,train
cleveland_137979,test
cleveland_137980,train
cleveland_137982,train
cleveland_137983,val
cleveland_137985,train
cleveland_137987,train
cleveland_137988,val
cleveland_137989,train
cleveland_137990,test
cleveland_137991,train
cleveland_137992,test
cleveland_137993,val
cleveland_137995,train
cleveland_137996,train
cleveland_137997,train
cleveland_137998,train
cleveland_137999,train
cleveland_138000,val
cleveland_138001,val
cleveland_138002,train
cleveland_138003,train
cleveland_138004,train
cleveland_138005,test
cleveland_138007,train
cleveland_138008,train
cleveland_138009,train
cleveland_138010,train
cleveland_138011,train
cleveland_138012,train
cleveland_138013,test
cleveland_138359,train
cleveland_138360,train
cleveland_138369,train
cleveland_138430,test
cleveland_138444,val
cleveland_138464,train
cleveland_138531,train
cleveland_138542,test
cleveland_138688,val
cleveland_138881,train
cleveland_139448,test
cleveland_139453,test
cleveland_139454,train
cleveland_139532,test
cleveland_139727,val
cleveland_139728,train
cleveland_139729,val
cleveland_139730,train
cleveland_139733,train
cleveland_139746,train
cleveland_139814,val
cleveland_139815,train
cleveland_139816,train
cleveland_139824,train
cleveland_139830,train
cleveland_139831,train
cleveland_140078,train
cleveland_140085,train
cleveland_140088,train
cleveland_140096,test
cleveland_140149,train
cleveland_140150,train
cleveland_140152,val
cleveland_140153,val
cleveland_140154,val
cleveland_140155,train
cleveland_140157,test
cleveland_140158,train
cleveland_140159,test
cleveland_140161,test
cleveland_140267,train
cleveland_140321,train
cleveland_140323,test
cleveland_140324,test
cleveland_140331,train
cleveland_140333,test
cleveland_140337,train
cleveland_140338,train
cleveland_140340,val
cleveland_140341,train
cleveland_140342,train
cleveland_140343,train
cleveland_140344,val
cleveland_140408,test
cleveland_140428,test
cleveland_140435,train
cleveland_140440,test
cleveland_140441,train
cleveland_140442,train
cleveland_140443,train
cleveland_140444,train
cleveland_140445,train
cleveland_140446,train
cleveland_140447,train
cleveland_140448,train
cleveland_140449,train
cleveland_140450,train
cleveland_140451,train
cleveland_140452,train
cleveland_140476,train
cleveland_140479,train
cleveland_141166,test
cleveland_141168,train
cleveland_141186,train
cleveland_141200,train
cleveland_141218,train
cleveland_141220,train
cleveland_141285,train
cleveland_141303,train
cleveland_141476,train
cleveland_141484,test
cleveland_141549,train
cleveland_141594,train
cleveland_141639,train
cleveland_141640,val
cleveland_141641,test
cleveland_141659,test
cleveland_141693,val
cleveland_141727,train
cleveland_141728,val
cleveland_141737,train
cleveland_141755,test
cleveland_141929,train
cleveland_141935,train
cleveland_141936,val
cleveland_142018,test
cleveland_142019,val
cleveland_142278,train
cleveland_142285,test
cleveland_142293,train
cleveland_142298,train
cleveland_142311,test
cleveland_142315,train
cleveland_142384,train
cleveland_142394,train
cleveland_142473,train
cleveland_142474,train
cleveland_142475,test
cleveland_142476,train
cleveland_142520,train
cleveland_142535,train
cleveland_142546,val
cleveland_142559,train
cleveland_142571,train
cleveland_142572,test
cleveland_142573,test
cleveland_142574,train
cleveland_142575,val
cleveland_142576,train
cleveland_142577,train
cleveland_142578,train
cleveland_142579,train
cleveland_142641,test
cleveland_142642,val
cleveland_142651,train
cleveland_142659,train
cleveland_142661,train
cleveland_142664,train
cleveland_142665,test
cleveland_142792,train
cleveland_143008,val
cleveland_143138,train
cleveland_143140,train
cleveland_143141,val
cleveland_143166,train
cleveland_143195,train
cleveland_143206,train
cleveland_143221,train
cleveland_143234,train
cleveland_143237,train
cleveland_143238,train
cleveland_143239,test
cleveland_143240,train
cleveland_143241,train
cleveland_143242,train
cleveland_143243,train
cleveland_143244,train
cleveland_143245,train
cleveland_143246,train
cleveland_143247,train
cleveland_143248,train
cleveland_143261,train
cleveland_143272,train
cleveland_143274,test
cleveland_143278,test
cleveland_143304,train
cleveland_143306,train
cleveland_143307,train
cleveland_143314,train
cleveland_143318,train
cleveland_143462,val
cleveland_143477,train
cleveland_143602,val
cleveland_143644,train
cleveland_143650,train
cleveland_143652,val
cleveland_143654,train
cleveland_143752,train
cleveland_143753,val
cleveland_143761,train
cleveland_143768,test
cleveland_143769,train
cleveland_143770,train
cleveland_143771,train
cleveland_143772,train
cleveland_143776,train
cleveland_143784,train
cleveland_143803,train
cleveland_143813,train
cleveland_143879,train
cleveland_143992,train
cleveland_144082,train
cleveland_144093,train
cleveland_144104,test
cleveland_144224,train
cleveland_144225,train
cleveland_144255,train
cleveland_144270,train
cleveland_144278,train
cleveland_144286,test
cleveland_144293,val
cleveland_144294,train
cleveland_144302,train
cleveland_144303,train
cleveland_144431,val
cleveland_144462,train
cleveland_144496,train
cleveland_144588,train
cleveland_144686,val
cleveland_144693,val
cleveland_144732,train
cleveland_144743,test
cleveland_144756,train
cleveland_144829,test
cleveland_144840,train
cleveland_144854,train
cleveland_144920,train
cleveland_144961,train
cleveland_144964,train
cleveland_144966,train
cleveland_144967,test
cleveland_144968,test
cleveland_144976,train
cleveland_144998,train
cleveland_145010,train
cleveland_145123,train
cleveland_145124,train
cleveland_145148,val
cleveland_145207,val
cleveland_145241,train
cleveland_145298,train
cleveland_145309,train
cleveland_145361,train
cleveland_145373,train
cleveland_145374,test
cleveland_145375,val
cleveland_145376,train
cleveland_145418,train
cleveland_145419,train
cleveland_145421,test
cleveland_145422,test
cleveland_145423,train
cleveland_145424,train
cleveland_145425,train
cleveland_145426,train
cleveland_145427,val
cleveland_145429,train
cleveland_145430,train
cleveland_145450,val
cleveland_145463,val
cleveland_145473,val
cleveland_145714,train
cleveland_145715,train
cleveland_145717,train
cleveland_145718,val
cleveland_145720,val
cleveland_145721,train
cleveland_145723,train
cleveland_145724,train
cleveland_145725,train
cleveland_145729,train
cleveland_145730,train
cleveland_145815,train
cleveland_145816,train
cleveland_145830,test
cleveland_145831,train
cleveland_145852,train
cleveland_145857,val
cleveland_145858,train
cleveland_145882,test
cleveland_145885,val
cleveland_145886,val
cleveland_145907,train
cleveland_145923,val
cleveland_145924,train
cleveland_145925,train
cleveland_145958,val
cleveland_145960,train
cleveland_145964,train
cleveland_145966,train
cleveland_145987,train
cleveland_145999,train
cleveland_146011,train
cleveland_146023,train
cleveland_146030,train
cleveland_146035,train
cleveland_146036,train
cleveland_146037,val
cleveland_146038,train
cleveland_146067,train
cleveland_146071,train
cleveland_146094,val
cleveland_146117,val
cleveland_146119,train
cleveland_146120,test
cleveland_146124,train
cleveland_146140,train
cleveland_146144,train
cleveland_146145,train
cleveland_146148,test
cleveland_146167,train
cleveland_146174,train
cleveland_146183,train
cleveland_146184,train
cleveland_146185,train
cleveland_146186,train
cleveland_146190,train
cleveland_146191,val
cleveland_146192,train
cleveland_146193,train
cleveland_146195,train
cleveland_146196,train
cleveland_146197,train
cleveland_146198,train
cleveland_146199,train
cleveland_146200,train
cleveland_146201,train
cleveland_146202,test
cleveland_146203,val
cleveland_146204,train
cleveland_146205,train
cleveland_146212,val
cleveland_146213,train
cleveland_146384,train
cleveland_146416,train
cleveland_146446,train
cleveland_146469,test
cleveland_146700,train
cleveland_146704,train
cleveland_146708,train
cleveland_146712,train
cleveland_146713,train
cleveland_146715,train
cleveland_146724,train
cleveland_146726,train
cleveland_146727,train
cleveland_146752,train
cleveland_146872,val
cleveland_146873,test
cleveland_146878,val
cleveland_146924,train
cleveland_147008,val
cleveland_147009,val
cleveland_147016,train
cleveland_147017,train
cleveland_147020,train
cleveland_147045,train
cleveland_147118,train
cleveland_147119,val
cleveland_147129,val
cleveland_147144,train
cleveland_147411,train
cleveland_147412,train
cleveland_147446,test
cleveland_147450,train
cleveland_147464,train
cleveland_147479,train
cleveland_147505,train
cleveland_147506,test
cleveland_147520,val
cleveland_147522,train
cleveland_147523,train
cleveland_147569,test
cleveland_147572,val
cleveland_147573,train
cleveland_147574,test
cleveland_147592,train
cleveland_147607,train
cleveland_147696,train
cleveland_147828,test
cleveland_147838,train
cleveland_147896,train
cleveland_147906,train
cleveland_147926,train
cleveland_147927,train
cleveland_147929,train
cleveland_147930,train
cleveland_147938,train
cleveland_147947,train
cleveland_147948,test
cleveland_148076,val
cleveland_148077,test
cleveland_148078,train
cleveland_148079,train
cleveland_148080,train
cleveland_148081,train
cleveland_148082,val
cleveland_148083,train
cleveland_148084,test
cleveland_148085,test
cleveland_148086,train
cleveland_148087,val
cleveland_148088,test
cleveland_148202,train
cleveland_148215,train
cleveland_148222,train
cleveland_148233,test
cleveland_148235,train
cleveland_148236,train
cleveland_148237,train
cleveland_148239,train
cleveland_148241,train
cleveland_148242,train
cleveland_148297,train
cleveland_148301,train
cleveland_148312,train
cleveland_148313,train
cleveland_148341,train
cleveland_148342,train
cleveland_148343,train
cleveland_148344,train
cleveland_148345,test
cleveland_148346,train
cleveland_148347,test
cleveland_148348,train
cleveland_148349,train
cleveland_148358,train
cleveland_148359,train
cleveland_148360,train
cleveland_148362,train
cleveland_148363,train
cleveland_148364,val
cleveland_148365,train
cleveland_148366,train
cleveland_148368,train
cleveland_148378,train
cleveland_148381,train
cleveland_148382,train
cleveland_148383,train
cleveland_148384,train
cleveland_148395,train
cleveland_148539,train
cleveland_148540,train
cleveland_148571,train
cleveland_148671,train
cleveland_148698,val
cleveland_148719,test
cleveland_148758,train
cleveland_148767,test
cleveland_148769,train
cleveland_148770,train
cleveland_148810,train
cleveland_148831,train
cleveland_148833,val
cleveland_148839,train
cleveland_148850,train
cleveland_148851,train
cleveland_148852,train
cleveland_148854,val
cleveland_148855,test
cleveland_148856,test
cleveland_148858,train
cleveland_148859,train
cleveland_148861,train
cleveland_148862,train
cleveland_148864,train
cleveland_148958,train
cleveland_148959,val
cleveland_148960,val
cleveland_148961,val
cleveland_148963,train
cleveland_148964,test
cleveland_148965,train
cleveland_148966,train
cleveland_148967,test
cleveland_148968,train
cleveland_148969,test
cleveland_148970,val
cleveland_148971,train
cleveland_148990,train
cleveland_149030,train
cleveland_149031,train
cleveland_149073,train
cleveland_149074,val
cleveland_149076,train
cleveland_149077,train
cleveland_149078,train
cleveland_149079,train
cleveland_149080,train
cleveland_149083,train
cleveland_149097,train
cleveland_149098,train
cleveland_149105,train
cleveland_149106,test
cleveland_149107,test
cleveland_149108,train
cleveland_149112,train
cleveland_149119,train
cleveland_149125,test
cleveland_149126,train
cleveland_149132,val
cleveland_149133,train
cleveland_149142,train
cleveland_149183,train
cleveland_149290,train
cleveland_149292,val
cleveland_149351,train
cleveland_149390,train
cleveland_149391,train
cleveland_149392,train
cleveland_149393,train
cleveland_149394,train
cleveland_149396,train
cleveland_149410,train
cleveland_149412,train
cleveland_149413,train
cleveland_149415,train
cleveland_149417,val
cleveland_149419,train
cleveland_149421,train
cleveland_149422,train
cleveland_149423,train
cleveland_149562,train
cleveland_149565,train
cleveland_149566,test
cleveland_149587,train
cleveland_149590,train
cleveland_149597,train
cleveland_149598,train
cleveland_149605,train
cleveland_149606,val
cleveland_149607,train
cleveland_149608,train
cleveland_149609,val
cleveland_149610,train
cleveland_149611,train
cleveland_149613,train
cleveland_149614,train
cleveland_149615,test
cleveland_149616,train
cleveland_149617,val
cleveland_149618,train
cleveland_149619,train
cleveland_149620,train
cleveland_149621,train
cleveland_149622,val
cleveland_149623,train
cleveland_149624,train
cleveland_149625,train
cleveland_149626,train
cleveland_149627,train
cleveland_149628,test
cleveland_149648,train
cleveland_149653,train
cleveland_149654,train
cleveland_149656,train
cleveland_149658,train
cleveland_149659,train
cleveland_149660,train
cleveland_149661,train
cleveland_149662,train
cleveland_149663,val
cleveland_149664,test
cleveland_149665,train
cleveland_149682,train
cleveland_149683,train
cleveland_149684,val
cleveland_149765,train
cleveland_149766,val
cleveland_149768,val
cleveland_149769,train
cleveland_149770,train
cleveland_149791,train
cleveland_149803,train
cleveland_149880,train
cleveland_149891,train
cleveland_149943,val
cleveland_149944,train
cleveland_149956,train
cleveland_149957,val
cleveland_149958,train
cleveland_149959,val
cleveland_149961,val
cleveland_149978,train
cleveland_149995,val
cleveland_149996,train
cleveland_149997,val
cleveland_150010,train
cleveland_150012,train
cleveland_150014,test
cleveland_150015,train
cleveland_150016,train
cleveland_150017,train
cleveland_150021,train
cleveland_150023,train
cleveland_150024,train
cleveland_150027,train
cleveland_150028,train
cleveland_150030,val
cleveland_150031,train
cleveland_150032,test
cleveland_150035,train
cleveland_150037,train
cleveland_150038,train
cleveland_150039,val
cleveland_150040,train
cleveland_150042,test
cleveland_150043,train
cleveland_150044,train
cleveland_150045,train
cleveland_150046,train
cleveland_150047,train
cleveland_150051,train
cleveland_150052,train
cleveland_150053,train
cleveland_150054,train
cleveland_150055,train
cleveland_150057,train
cleveland_150062,train
cleveland_150068,train
cleveland_150071,train
cleveland_150074,train
cleveland_150075,train
cleveland_150076,train
cleveland_150077,train
cleveland_150078,test
cleveland_150079,val
cleveland_150080,test
cleveland_150081,train
cleveland_150082,val
cleveland_150083,test
cleveland_150084,test
cleveland_150085,test
cleveland_150086,train
cleveland_150087,train
cleveland_150088,test
cleveland_150100,val
cleveland_150115,train
cleveland_150117,test
cleveland_150118,train
cleveland_150119,train
cleveland_150129,val
cleveland_150140,train
cleveland_150165,train
cleveland_150338,train
cleveland_150353,train
cleveland_150389,test
cleveland_150419,val
cleveland_150420,train
cleveland_150468,train
cleveland_150469,train
cleveland_150489,train
cleveland_150494,test
cleveland_150495,test
cleveland_150496,train
cleveland_150497,train
cleveland_150499,train
cleveland_150500,test
cleveland_150507,val
cleveland_150508,test
cleveland_150533,train
cleveland_150676,train
cleveland_150680,train
cleveland_150687,train
cleveland_150693,test
cleveland_150694,train
cleveland_150697,train
cleveland_150701,train
cleveland_150710,train
cleveland_150719,test
cleveland_150721,train
cleveland_150723,train
cleveland_150729,train
cleveland_150730,val
cleveland_150734,train
cleveland_150743,train
cleveland_150745,train
cleveland_150839,train
cleveland_150840,test
cleveland_150841,train
cleveland_150844,train
cleveland_150855,train
cleveland_150862,train
cleveland_150872,train
cleveland_150888,train
cleveland_150902,train
cleveland_150903,train
cleveland_150927,train
cleveland_150932,test
cleveland_150944,train
cleveland_150955,val
cleveland_150968,train
cleveland_151005,test
cleveland_151006,train
cleveland_151007,train
cleveland_151015,train
cleveland_151021,train
cleveland_151024,test
cleveland_151026,train
cleveland_151027,train
cleveland_151028,train
cleveland_151029,val
cleveland_151030,train
cleveland_151031,train
cleveland_151032,train
cleveland_151033,train
cleveland_151034,train
cleveland_151035,train
cleveland_151036,val
cleveland_151064,train
cleveland_151078,train
cleveland_151139,train
cleveland_151223,train
cleveland_151224,val
cleveland_151257,train
cleveland_151298,val
cleveland_151338,train
cleveland_151339,train
cleveland_151340,train
cleveland_151343,train
cleveland_151344,train
cleveland_151369,train
cleveland_151377,train
cleveland_151392,train
cleveland_151447,train
cleveland_151448,train
cleveland_151480,val
cleveland_151517,train
cleveland_151519,val
cleveland_151529,train
cleveland_151540,train
cleveland_151543,train
cleveland_151545,train
cleveland_151555,train
cleveland_151796,train
cleveland_151807,train
cleveland_151879,train
cleveland_151882,train
cleveland_151904,train
cleveland_151939,test
cleveland_151967,train
cleveland_151970,train
cleveland_151972,train
cleveland_151973,test
cleveland_152006,train
cleveland_152014,train
cleveland_152015,train
cleveland_152028,train
cleveland_152184,train
cleveland_152197,train
cleveland_152250,val
cleveland_152251,train
cleveland_152253,test
cleveland_152254,train
cleveland_152259,train
cleveland_152265,train
cleveland_152270,train
cleveland_152292,val
cleveland_152317,train
cleveland_152324,train
cleveland_152325,test
cleveland_152333,train
cleveland_152407,train
cleveland_152408,train
cleveland_152409,train
cleveland_152410,train
cleveland_152411,train
cleveland_152412,train
cleveland_152424,test
cleveland_152425,test
cleveland_152426,train
cleveland_152427,train
cleveland_152428,val
cleveland_152429,test
cleveland_152430,test
cleveland_152431,train
cleveland_152432,train
cleveland_152433,test
cleveland_152434,val
cleveland_152435,val
cleveland_152436,test
cleveland_152437,train
cleveland_152438,val
cleveland_152439,train
cleveland_152440,val
cleveland_152441,train
cleveland_152442,train
cleveland_152443,train
cleveland_152444,train
cleveland_152445,train
cleveland_152446,val
cleveland_152447,train
cleveland_152448,train
cleveland_152449,train
cleveland_152450,train
cleveland_152452,train
cleveland_152453,train
cleveland_152455,train
cleveland_152456,val
cleveland_152457,train
cleveland_152464,test
cleveland_152532,val
cleveland_152548,train
cleveland_152549,val
cleveland_152550,train
cleveland_152551,train
cleveland_152552,test
cleveland_152553,train
cleveland_152555,train
cleveland_152557,train
cleveland_152765,train
cleveland_152813,train
cleveland_152821,train
cleveland_152822,val
cleveland_152823,train
cleveland_152824,train
cleveland_152825,train
cleveland_152826,train
cleveland_152827,train
cleveland_152828,train
cleveland_152829,train
cleveland_152830,val
cleveland_152831,train
cleveland_152832,val
cleveland_152833,train
cleveland_152842,val
cleveland_152851,train
cleveland_152852,train
cleveland_152854,train
cleveland_152855,train
cleveland_152867,train
cleveland_153122,train
cleveland_153198,val
cleveland_153199,train
cleveland_153230,train
cleveland_153231,train
cleveland_153339,train
cleveland_153344,train
cleveland_153345,train
cleveland_153346,val
cleveland_153347,val
cleveland_153348,train
cleveland_153349,val
cleveland_153350,train
cleveland_153351,train
cleveland_153352,train
cleveland_153353,test
cleveland_153354,train
cleveland_153355,train
cleveland_153356,train
cleveland_153357,train
cleveland_153368,val
cleveland_153373,train
cleveland_153374,val
cleveland_153375,train
cleveland_153382,train
cleveland_153388,train
cleveland_153389,test
cleveland_153395,train
cleveland_153406,train
cleveland_153412,test
cleveland_153531,val
cleveland_153542,train
cleveland_153606,train
cleveland_153618,train
cleveland_153622,train
cleveland_153626,train
cleveland_153627,train
cleveland_153636,train
cleveland_153637,train
cleveland_153663,train
cleveland_153664,train
cleveland_153724,test
cleveland_153727,train
cleveland_153728,train
cleveland_153729,val
cleveland_153733,val
cleveland_153736,train
cleveland_153737,train
cleveland_153750,train
cleveland_153763,train
cleveland_153773,val
cleveland_153777,train
cleveland_153778,train
cleveland_153779,train
cleveland_153780,train
cleveland_153797,val
cleveland_153798,train
cleveland_153810,train
cleveland_153850,train
cleveland_153856,train
cleveland_153879,train
cleveland_153927,train
cleveland_153992,train
cleveland_153993,train
cleveland_154003,val
cleveland_154004,train
cleveland_154005,train
cleveland_154040,test
cleveland_154051,val
cleveland_154062,val
cleveland_154073,train
cleveland_154086,train
cleveland_154217,train
cleveland_154260,test
cleveland_154262,train
cleveland_154263,val
cleveland_154283,val
cleveland_154286,train
cleveland_154338,train
cleveland_154405,train
cleveland_154645,val
cleveland_154752,train
cleveland_154753,train
cleveland_154754,test
cleveland_154755,train
cleveland_154756,train
cleveland_154757,train
cleveland_154758,train
cleveland_154759,train
cleveland_154763,train
cleveland_154764,train
cleveland_154765,train
cleveland_154766,train
cleveland_154767,train
cleveland_154802,train
cleveland_154909,train
cleveland_154911,train
cleveland_154962,train
cleveland_155043,train
cleveland_155051,train
cleveland_155052,train
cleveland_155065,val
cleveland_155066,train
cleveland_155067,train
cleveland_155097,train
cleveland_155381,train
cleveland_155382,train
cleveland_155431,train
cleveland_155590,train
cleveland_155591,train
cleveland_155592,train
cleveland_155615,test
cleveland_155623,train
cleveland_155624,val
cleveland_155625,train
cleveland_155626,train
cleveland_155627,train
cleveland_155642,val
cleveland_155666,train
cleveland_155783,train
cleveland_155790,test
cleveland_155799,train
cleveland_155800,test
cleveland_155819,train
cleveland_155822,train
cleveland_155852,train
cleveland_155860,train
cleveland_155865,train
cleveland_155868,train
cleveland_155871,test
cleveland_155941,train
cleveland_156111,train
cleveland_156124,val
cleveland_156125,train
cleveland_156133,train
cleveland_156155,test
cleveland_156160,test
cleveland_156172,train
cleveland_156183,train
cleveland_156282,test
cleveland_156308,train
cleveland_156310,train
cleveland_156311,val
cleveland_156420,train
cleveland_156604,train
cleveland_156615,train
cleveland_156776,test
cleveland_156786,train
cleveland_156787,train
cleveland_156788,test
cleveland_156789,train
cleveland_156790,train
cleveland_156791,train
cleveland_156792,train
cleveland_156793,test
cleveland_156794,train
cleveland_156809,train
cleveland_156810,train
cleveland_156813,train
cleveland_156856,train
cleveland_156865,train
cleveland_156866,train
cleveland_156867,test
cleveland_156869,train
cleveland_156871,test
cleveland_156872,train
cleveland_156873,train
cleveland_156874,train
cleveland_157007,val
cleveland_157017,train
cleveland_157104,test
cleveland_157107,train
cleveland_157147,train
cleveland_157150,train
cleveland_157158,val
cleveland_157217,train
cleveland_157228,train
cleveland_157240,train
cleveland_157243,train
cleveland_157334,test
cleveland_157434,test
cleveland_157501,train
cleveland_157563,train
cleveland_157681,test
cleveland_159034,train
cleveland_159040,train
cleveland_159229,train
cleveland_159230,test
cleveland_159231,test
cleveland_159232,train
cleveland_159234,train
cleveland_159270,train
cleveland_159309,train
cleveland_159482,val
cleveland_159488,train
cleveland_159501,val
cleveland_159502,train
cleveland_159503,val
cleveland_159504,train
cleveland_159533,train
cleveland_159551,test
cleveland_159647,train
cleveland_159724,test
cleveland_159726,train
cleveland_159727,train
cleveland_159728,test
cleveland_159729,train
cleveland_159730,train
cleveland_159731,train
cleveland_159732,test
cleveland_159733,train
cleveland_159735,val
cleveland_159736,val
cleveland_159738,train
cleveland_159739,train
cleveland_159740,train
cleveland_159741,test
cleveland_159742,train
cleveland_159746,train
cleveland_159747,train
cleveland_159756,train
cleveland_159835,train
cleveland_159836,train
cleveland_159968,test
cleveland_160048,train
cleveland_160049,train
cleveland_160050,train
cleveland_160051,train
cleveland_160125,train
cleveland_160126,train
cleveland_160127,train
cleveland_160128,train
cleveland_160132,train
cleveland_160133,val
cleveland_160134,train
cleveland_160135,train
cleveland_160136,train
cleveland_160137,test
cleveland_160138,train
cleveland_160139,train
cleveland_160140,train
cleveland_160141,train
cleveland_160143,train
cleveland_160146,train
cleveland_160202,test
cleveland_160204,train
cleveland_160205,val
cleveland_160206,train
cleveland_160208,val
cleveland_160289,test
cleveland_160300,train
cleveland_160459,train
cleveland_160460,train
cleveland_160470,train
cleveland_160490,train
cleveland_160491,train
cleveland_160528,val
cleveland_160679,train
cleveland_160680,val
cleveland_160688,train
cleveland_160723,test
cleveland_160724,val
cleveland_160725,train
cleveland_160726,test
cleveland_160727,train
cleveland_160728,train
cleveland_160729,test
cleveland_160730,train
cleveland_160731,val
cleveland_160732,train
cleveland_160733,train
cleveland_160734,test
cleveland_160735,train
cleveland_160736,test
cleveland_160737,train
cleveland_160738,train
cleveland_160739,test
cleveland_160740,train
cleveland_160741,train
cleveland_160762,train
cleveland_160803,train
cleveland_160838,train
cleveland_160859,train
cleveland_160860,train
cleveland_160880,train
cleveland_160885,train
cleveland_160888,test
cleveland_160889,train
cleveland_160890,train
cleveland_160892,test
cleveland_160913,test
cleveland_160916,test
cleveland_160938,train
cleveland_160947,train
cleveland_160948,train
cleveland_160956,train
cleveland_160957,val
cleveland_161013,train
cleveland_161014,train
cleveland_161015,val
cleveland_161016,train
cleveland_161017,train
cleveland_161018,train
cleveland_161019,val
cleveland_161020,test
cleveland_161022,train
cleveland_161023,train
cleveland_161024,test
cleveland_161025,test
cleveland_161027,train
cleveland_161266,train
cleveland_161268,train
cleveland_161286,train
cleveland_161323,train
cleveland_161324,train
cleveland_161326,val
cleveland_161595,train
cleveland_161673,train
cleveland_161703,val
cleveland_161704,train
cleveland_161705,train
cleveland_161706,test
cleveland_161771,train
cleveland_161772,train
cleveland_161781,train
cleveland_161785,val
cleveland_161884,train
cleveland_161885,train
cleveland_161886,train
cleveland_161887,test
cleveland_161888,train
cleveland_161910,train
cleveland_162089,train
cleveland_162090,val
cleveland_162094,test
cleveland_162195,train
cleveland_162216,train
cleveland_162295,train
cleveland_162322,train
cleveland_162328,train
cleveland_162397,train
cleveland_162420,train
cleveland_162421,train
cleveland_162425,train
cleveland_162426,train
cleveland_162427,train
cleveland_162428,train
cleveland_162429,train
cleveland_162430,train
cleveland_162432,train
cleveland_162433,test
cleveland_162435,test
cleveland_162436,train
cleveland_162438,train
cleveland_162439,train
cleveland_162442,val
cleveland_162443,train
cleveland_162446,test
cleveland_162447,test
cleveland_162449,train
cleveland_162450,test
cleveland_162452,val
cleveland_162453,train
cleveland_162456,train
cleveland_162458,train
cleveland_162460,train
cleveland_162461,train
cleveland_162462,train
cleveland_162463,train
cleveland_162464,val
cleveland_162465,train
cleveland_162466,val
cleveland_162467,train
cleveland_162468,test
cleveland_162470,test
cleveland_162471,train
cleveland_162473,train
cleveland_162474,val
cleveland_162475,train
cleveland_162477,train
cleveland_162478,train
cleveland_162480,train
cleveland_162481,test
cleveland_162483,train
cleveland_162484,train
cleveland_162487,train
cleveland_162491,train
cleveland_162492,train
cleveland_162493,test
cleveland_162494,train
cleveland_162495,train
cleveland_162496,train
cleveland_162497,train
cleveland_162498,train
cleveland_162499,train
cleveland_162507,train
cleveland_162508,train
cleveland_162509,train
cleveland_162510,train
cleveland_162511,train
cleveland_162512,train
cleveland_162513,train
cleveland_162516,train
cleveland_162517,train
cleveland_162520,test
cleveland_162521,test
cleveland_162523,train
cleveland_162524,train
cleveland_162525,train
cleveland_162526,train
cleveland_162527,test
cleveland_162528,train
cleveland_162529,train
cleveland_162530,train
cleveland_162531,val
cleveland_162532,train
cleveland_162623,train
cleveland_162857,train
cleveland_162858,train
cleveland_162867,val
cleveland_162872,test
cleveland_162901,train
cleveland_163040,train
cleveland_163041,train
cleveland_163042,train
cleveland_163043,train
cleveland_163044,train
cleveland_163077,test
cleveland_163078,val
cleveland_163103,test
cleveland_163104,train
cleveland_163105,train
cleveland_163106,train
cleveland_163107,train
cleveland_163108,train
cleveland_163109,train
cleveland_163110,train
cleveland_163111,train
cleveland_163112,train
cleveland_163113,val
cleveland_163114,train
cleveland_163115,val
cleveland_163116,train
cleveland_163117,train
cleveland_163118,train
cleveland_163119,val
cleveland_163120,train
cleveland_163121,test
cleveland_163122,train
cleveland_163123,train
cleveland_163124,train
cleveland_163125,train
cleveland_163126,train
cleveland_163127,train
cleveland_163128,test
cleveland_163129,train
cleveland_163130,train
cleveland_163131,train
cleveland_163132,train
cleveland_163133,train
cleveland_163134,train
cleveland_163135,train
cleveland_163136,train
cleveland_163137,train
cleveland_163138,train
cleveland_163139,test
cleveland_163140,train
cleveland_163141,train
cleveland_163142,val
cleveland_163143,test
cleveland_163144,train
cleveland_163145,train
cleveland_163146,train
cleveland_163147,train
cleveland_163148,train
cleveland_163149,val
cleveland_163150,train
cleveland_163151,train
cleveland_163152,train
cleveland_163153,train
cleveland_163154,val
cleveland_163155,test
cleveland_163206,train
cleveland_163456,train
cleveland_163546,train
cleveland_163581,train
cleveland_163582,train
cleveland_163797,train
cleveland_164314,test
cleveland_164446,train
cleveland_164456,val
cleveland_164457,test
cleveland_164458,train
cleveland_164460,train
cleveland_164461,test
cleveland_164462,train
cleveland_164463,train
cleveland_164464,train
cleveland_164465,train
cleveland_164466,train
cleveland_164467,train
cleveland_164625,test
cleveland_164626,train
cleveland_164630,test
cleveland_164635,val
cleveland_164636,train
cleveland_164837,train
cleveland_165315,test
cleveland_165425,train
cleveland_166506,train
cleveland_166507,val
cleveland_166508,train
cleveland_166510,train
cleveland_166519,val
cleveland_166780,train
cleveland_166783,train
cleveland_167142,val
cleveland_167456,train
cleveland_167578,test
cleveland_167579,train
cleveland_167580,train
cleveland_167581,train
cleveland_167582,train
cleveland_167662,test
cleveland_167663,train
cleveland_167664,test
cleveland_168322,train
cleveland_168352,train
cleveland_168366,train
cleveland_168420,train
cleveland_168437,test
cleveland_168448,train
cleveland_168471,train
cleveland_168488,train
cleveland_168501,train
cleveland_169252,val
cleveland_169253,train
cleveland_169254,train
cleveland_169257,train
cleveland_169271,val
cleveland_169341,train
cleveland_169359,train
cleveland_169545,train
cleveland_169614,val
cleveland_169651,train
cleveland_169662,test
cleveland_169673,train
cleveland_169763,train
cleveland_169767,test
cleveland_170078,test
cleveland_170082,train
cleveland_170083,train
cleveland_170084,train
cleveland_170085,train
cleveland_170235,train
cleveland_170429,test
cleveland_170475,val
cleveland_170476,train
cleveland_170510,val
cleveland_170735,val
cleveland_170736,train
cleveland_170737,train
cleveland_170740,train
cleveland_170741,test
cleveland_170742,train
cleveland_170764,train
cleveland_170765,train
cleveland_170766,train
cleveland_170768,val
cleveland_170769,train
cleveland_170770,val
cleveland_170772,train
cleveland_170773,train
cleveland_170774,train
cleveland_170775,train
cleveland_170776,test
cleveland_170778,test
cleveland_170779,train
cleveland_170781,train
cleveland_170782,val
cleveland_170784,train
cleveland_170785,train
cleveland_170786,train
cleveland_170787,val
cleveland_170788,train
cleveland_170789,test
cleveland_170790,val
cleveland_170791,test
cleveland_170792,train
cleveland_170795,test
cleveland_170796,train
cleveland_170797,train
cleveland_170799,train
cleveland_170800,train
cleveland_170803,train
cleveland_170804,val
cleveland_170805,test
cleveland_170806,test
cleveland_170807,val
cleveland_170808,train
cleveland_170812,test
cleveland_170813,train
cleveland_170814,train
cleveland_170815,train
cleveland_170816,train
cleveland_170819,train
cleveland_170820,test
cleveland_170821,train
cleveland_170823,train
cleveland_170824,train
cleveland_170825,train
cleveland_170827,train
cleveland_170828,train
cleveland_170830,train
cleveland_170831,test
cleveland_170832,train
cleveland_170835,val
cleveland_170836,train
cleveland_170839,val
cleveland_170840,train
cleveland_170841,val
cleveland_170845,val
cleveland_170848,test
cleveland_170849,test
cleveland_170850,train
cleveland_170851,val
cleveland_170852,val
cleveland_170855,val
cleveland_170857,val
cleveland_170859,train
cleveland_170860,train
cleveland_170861,test
cleveland_170862,train
cleveland_170864,train
cleveland_170865,train
cleveland_170868,train
cleveland_170871,train
cleveland_170874,val
cleveland_170875,train
cleveland_170876,train
cleveland_170877,val
cleveland_170880,train
cleveland_170883,val
cleveland_170887,train
cleveland_170890,train
cleveland_170892,val
cleveland_170893,train
cleveland_170894,train
cleveland_170895,val
cleveland_170907,val
cleveland_171153,val
cleveland_171154,train
cleveland_171157,train
cleveland_171296,val
cleveland_171588,test
cleveland_171925,train
cleveland_171926,train
cleveland_172573,test
cleveland_172603,train
cleveland_172605,train
cleveland_172606,val
cleveland_172756,train
cleveland_172781,test
cleveland_172782,train
cleveland_172784,train
cleveland_172785,train
cleveland_172793,test
cleveland_172805,train
cleveland_172806,train
cleveland_172814,test
cleveland_172815,train
cleveland_172828,test
cleveland_172929,val
cleveland_173020,test
cleveland_173035,train
cleveland_173072,train
cleveland_173167,test
cleveland_173169,train
cleveland_173173,test
cleveland_173180,train
cleveland_173181,train
cleveland_173242,val
cleveland_173316,val
cleveland_173480,train
cleveland_173542,train
cleveland_173574,val
cleveland_173631,test
cleveland_173632,test
cleveland_173633,test
cleveland_173634,train
cleveland_173640,train
cleveland_173641,train
cleveland_173644,val
cleveland_173656,train
cleveland_173657,train
cleveland_173658,train
cleveland_173659,train
cleveland_173665,train
cleveland_173666,test
cleveland_173669,train
cleveland_173671,train
cleveland_173676,train
cleveland_173683,val
cleveland_173688,train
cleveland_173718,train
cleveland_173729,train
cleveland_173730,train
cleveland_173737,train
cleveland_173742,train
cleveland_173750,test
cleveland_173756,train
cleveland_173760,train
cleveland_174005,train
cleveland_174043,val
cleveland_283088,val
cleveland_294155,train
cleveland_294203,test
cleveland_299308,train
cleveland_302209,train
cleveland_304484,train
cleveland_307326,train
cleveland_310353,train
cleveland_311773,train
cleveland_311962,train
cleveland_314112,train
cleveland_314113,train
cleveland_314114,test
cleveland_314115,test
cleveland_314122,train
cleveland_314125,train
cleveland_314129,val
cleveland_314140,val
cleveland_314141,train
cleveland_314217,train
cleveland_314218,train
cleveland_314221,test
cleveland_314222,val
cleveland_314223,test
cleveland_314225,train
cleveland_314227,train
cleveland_314230,val
cleveland_314231,test
cleveland_314233,test
cleveland_314235,val
cleveland_314236,train
cleveland_314237,train
cleveland_314239,train
cleveland_314241,train
cleveland_314242,train
cleveland_314243,test
cleveland_314246,train
cleveland_314247,train
cleveland_314249,train
cleveland_314364,train
cleveland_314365,train
cleveland_314366,train
cleveland_314367,train
cleveland_314368,train
cleveland_314369,test
cleveland_314378,train
cleveland_314404,train
cleveland_314406,train
cleveland_314412,train
cleveland_314415,train
cleveland_314417,test
cleveland_314421,val
cleveland_314425,val
cleveland_314429,train
cleveland_314432,test
cleveland_314433,val
cleveland_314434,train
cleveland_314437,train
cleveland_314438,val
cleveland_314439,test
cleveland_314440,train
cleveland_314441,train
cleveland_314442,train
cleveland_314443,train
cleveland_314444,test
cleveland_314445,train
cleveland_314446,train
cleveland_314447,val
cleveland_314448,test
cleveland_314449,train
cleveland_314450,train
cleveland_314451,train
cleveland_314452,train
cleveland_314453,train
cleveland_314454,train
cleveland_314455,train
cleveland_314456,test
cleveland_314457,train
cleveland_314459,train
cleveland_314460,train
cleveland_314461,test
cleveland_314462,test
cleveland_314463,train
cleveland_314464,train
cleveland_314465,train
cleveland_314466,val
cleveland_314467,train
cleveland_314468,train
cleveland_314469,train
cleveland_314470,train
cleveland_314471,test
cleveland_314472,train
cleveland_314473,train
cleveland_314474,train
cleveland_314475,train
cleveland_314476,test
cleveland_314477,train
cleveland_314478,test
cleveland_314479,test
cleveland_314481,train
cleveland_314484,train
cleveland_314485,val
cleveland_314486,train
cleveland_314487,train
cleveland_314488,train
cleveland_314489,train
cleveland_314490,train
cleveland_314491,train
cleveland_314492,train
cleveland_314493,train
cleveland_314494,train
cleveland_314495,train
cleveland_314496,val
cleveland_314497,train
cleveland_314498,train
cleveland_314499,train
cleveland_314500,train
cleveland_314501,val
cleveland_314502,train
cleveland_314503,train
cleveland_314504,train
cleveland_314505,train
cleveland_314506,train
cleveland_314507,test
cleveland_314508,train
cleveland_315934,train
cleveland_320778,train
cleveland_340506,train
cleveland_344611,train
cleveland_350751,train
cleveland_357163,train
cleveland_359246,val
cleveland_370119,train
cleveland_374816,train
cleveland_375071,train
cleveland_387702,test
cleveland_394516,train
cleveland_394755,train
cleveland_394756,test
cleveland_394757,val
cleveland_399966,train
cleveland_399967,val
cleveland_412327,train
cleveland_412329,train
cleveland_438621,train
cleveland_443541,test
cleveland_444765,train
cleveland_444766,train
cleveland_447778,test
cleveland_447779,train
cleveland_447805,train
cleveland_448456,train
cleveland_448457,train
cleveland_448458,train
cleveland_448459,train
cleveland_448460,test
cleveland_448461,train
cleveland_448478,train
cleveland_448479,train
cleveland_448480,train
cleveland_448483,test
cleveland_448484,train
cleveland_448492,train
cleveland_455813,val
cleveland_457341,train
cleveland_515375,train
cleveland_522129,train
cleveland_535124,train
cleveland_538547,train
cleveland_538549,train
cleveland_538551,train
cleveland_538556,train
cleveland_538557,test
cleveland_538559,train
cleveland_538562,train
cleveland_538564,train
cleveland_538565,train
cleveland_538566,val
cleveland_538567,val
cleveland_538568,train
cleveland_538569,train
cleveland_538570,train
cleveland_538571,train
cleveland_538573,train
cleveland_538576,train
cleveland_538579,train
cleveland_538580,train
cleveland_538581,train
cleveland_538582,train
cleveland_538583,train
cleveland_538584,train
cleveland_538585,train
cleveland_538586,train
cleveland_538588,train
cleveland_538589,test
cleveland_538590,train
cleveland_538592,train
cleveland_538600,train
cleveland_538602,train
cleveland_538607,train
cleveland_538608,train
cleveland_538609,val
cleveland_538610,val
cleveland_538612,train
cleveland_538614,train
cleveland_538616,train
cleveland_538617,train
cleveland_538620,train
cleveland_538622,test
cleveland_538624,val
cleveland_538625,train
cleveland_538626,train
cleveland_538628,train
cleveland_538630,train
cleveland_538632,train
cleveland_538634,train
cleveland_538636,train
cleveland_538637,train
cleveland_538639,train
cleveland_538640,train
cleveland_538641,train
cleveland_538642,train
cleveland_538643,train
cleveland_538644,train
cleveland_538645,test
cleveland_538646,train
cleveland_538647,val
cleveland_538648,train
cleveland_538650,train
cleveland_538651,train
cleveland_538652,train
cleveland_538654,train
cleveland_538655,train
cleveland_538656,train
cleveland_538658,test
cleveland_538661,train
cleveland_538668,train
cleveland_538674,train
cleveland_538675,val
cleveland_538676,train
cleveland_538678,train
cleveland_538680,test
cleveland_538681,train
cleveland_538685,train
cleveland_538687,train
cleveland_538697,train
cleveland_538698,train
cleveland_538700,val
cleveland_538704,train
cleveland_538705,train
cleveland_538706,val
cleveland_538707,train
cleveland_538708,train
cleveland_538709,test
cleveland_538710,train
cleveland_538713,train
cleveland_538714,train
cleveland_538715,test
cleveland_538717,train
cleveland_538720,train
cleveland_538722,val
cleveland_538726,train
cleveland_538728,train
cleveland_538730,train
cleveland_538731,train
cleveland_538732,train
cleveland_538734,test
cleveland_538736,val
cleveland_538738,train
cleveland_538739,train
cleveland_538740,val
cleveland_538742,train
cleveland_538744,train
cleveland_538745,train
cleveland_538746,train
cleveland_538747,train
cleveland_538748,train
cleveland_538751,test
cleveland_538752,train
cleveland_538753,train
cleveland_538778,train
cleveland_538781,train
cleveland_538782,train
cleveland_538784,train
cleveland_538786,train
cleveland_538787,train
cleveland_538852,train
cleveland_538853,test
cleveland_538855,train
cleveland_538856,train
cleveland_538857,train
cleveland_538859,train
cleveland_538860,train
cleveland_538861,val
cleveland_538863,test
cleveland_538864,test
cleveland_538867,test
cleveland_538868,test
cleveland_538869,val
cleveland_538871,train
cleveland_538873,train
cleveland_538875,test
cleveland_538877,train
cleveland_538878,val
cleveland_538879,test
cleveland_538881,train
cleveland_538882,train
cleveland_538883,test
cleveland_538884,train
cleveland_538885,test
cleveland_538887,train
cleveland_538888,test
cleveland_538889,val
cleveland_538891,test
cleveland_538892,test
cleveland_538893,train
cleveland_538895,train
cleveland_538897,train
cleveland_538898,train
cleveland_538899,train
cleveland_538901,train
cleveland_538902,train
cleveland_538903,train
cleveland_538905,train
cleveland_538908,train
cleveland_538909,train
cleveland_538911,train
cleveland_538912,train
cleveland_538913,train
cleveland_538914,train
cleveland_538915,train
cleveland_538917,val
cleveland_538918,train
cleveland_538919,test
cleveland_538920,train
cleveland_538921,train
cleveland_538922,test
cleveland_538923,test
cleveland_538925,train
cleveland_538927,test
cleveland_538928,train
cleveland_538929,val
cleveland_538930,val
cleveland_538931,test
cleveland_538932,val
cleveland_538935,train
cleveland_538937,train
cleveland_538940,train
cleveland_538941,test
cleveland_538942,train
cleveland_538943,train
cleveland_538944,val
cleveland_538945,val
cleveland_538947,train
cleveland_538948,train
cleveland_538949,train
cleveland_538950,train
cleveland_538954,train
cleveland_538958,train
cleveland_538960,test
cleveland_538961,val
cleveland_538962,val
cleveland_538964,train
cleveland_538965,train
cleveland_538966,val
cleveland_538967,val
cleveland_538968,train
cleveland_538969,val
cleveland_538970,train
cleveland_538972,train
cleveland_538973,train
cleveland_538974,train
cleveland_538975,train
cleveland_538976,train
cleveland_538977,train
cleveland_538978,train
cleveland_538980,train
cleveland_538981,test
cleveland_538982,train
cleveland_538983,train
cleveland_538984,train
cleveland_538986,val
cleveland_538987,train
cleveland_538988,train
cleveland_538989,test
cleveland_538990,train
cleveland_538992,train
cleveland_538993,test
cleveland_538994,train
cleveland_538995,train
cleveland_538996,train
cleveland_538997,train
cleveland_538998,val
cleveland_538999,train
cleveland_539001,train
cleveland_539002,train
cleveland_539003,train
cleveland_539004,train
cleveland_539007,train
cleveland_539010,train
cleveland_539011,test
cleveland_539013,train
cleveland_539015,train
cleveland_539016,val
cleveland_539017,val
cleveland_539018,train
cleveland_539019,val
cleveland_539020,train
cleveland_539021,train
cleveland_539022,train
cleveland_539040,train
cleveland_539189,train
cleveland_539459,val
cleveland_539460,test
cleveland_539738,train
cleveland_539739,train
cleveland_539763,train
cleveland_539774,val
cleveland_539775,val
cleveland_539776,train
cleveland_539777,test
cleveland_539778,train
cleveland_539781,test
cleveland_539793,train
cleveland_539799,test
cleveland_539802,train
cleveland_539809,train
cleveland_539812,test
cleveland_539814,train
cleveland_539818,train
cleveland_539819,train
cleveland_539820,val
cleveland_539840,val
cleveland_539842,test
cleveland_539847,train
cleveland_539848,train
cleveland_539851,train
cleveland_539852,test
cleveland_539853,val
cleveland_539854,test
cleveland_539855,val
cleveland_539856,test
cleveland_539858,val
cleveland_539859,train
cleveland_539860,train
cleveland_539862,train
cleveland_539865,train
cleveland_539867,train
cleveland_539869,train
cleveland_543409,train
cleveland_543427,train
cleveland_543981,val
cleveland_618083,train
cleveland_663065,train
cleveland_663066,train
cleveland_676387,train
cleveland_677517,test
cleveland_677522,train
cleveland_677526,val
cleveland_680372,test
cleveland_680373,val
cleveland_680374,test
cleveland_680375,test
cleveland_680379,val
cleveland_680381,train
cleveland_680382,val
cleveland_680383,train
cleveland_680384,test
cleveland_683744,test
cleveland_688675,train
cleveland_688823,val
cleveland_699644,train
cleveland_74228,train
cleveland_75763,train
cleveland_78982,train
cleveland_79567,train
cleveland_79568,train
cleveland_79569,train
cleveland_79570,val
cleveland_79571,train
cleveland_79572,train
cleveland_79573,train
cleveland_79574,test
cleveland_79575,val
cleveland_79576,train
cleveland_79579,train
cleveland_79580,train
cleveland_79581,train
cleveland_79582,test
cleveland_79584,train
cleveland_79586,train
cleveland_79587,train
cleveland_79588,test
cleveland_79590,train
cleveland_79598,train
cleveland_79599,test
cleveland_79600,train
cleveland_79931,train
cleveland_79932,train
cleveland_80329,val
cleveland_81391,train
cleveland_82501,train
cleveland_83373,train
cleveland_83462,train
cleveland_83635,test
cleveland_84370,test
cleveland_84371,train
cleveland_84662,train
cleveland_84731,val
cleveland_84732,train
cleveland_84745,train
cleveland_85861,train
cleveland_86096,train
cleveland_86097,train
cleveland_86101,test
cleveland_86104,train
cleveland_86106,test
cleveland_86107,train
cleveland_86108,train
cleveland_86109,test
cleveland_86110,test
cleveland_86111,train
cleveland_86112,val
cleveland_86113,train
cleveland_86114,test
cleveland_86115,test
cleveland_86116,test
cleveland_86117,train
cleveland_86118,val
cleveland_86119,train
cleveland_86120,train
cleveland_86121,test
cleveland_86122,train
cleveland_86123,val
cleveland_86124,train
cleveland_86125,test
cleveland_86399,train
cleveland_86400,train
cleveland_87891,train
cleveland_90080,train
cleveland_90092,train
cleveland_90151,train
cleveland_90249,train
cleveland_90267,test
cleveland_90269,val
cleveland_91231,test
cleveland_92844,val
cleveland_92936,val
cleveland_92937,train
cleveland_92951,train
cleveland_92964,train
cleveland_93009,train
cleveland_93014,train
cleveland_93015,train
cleveland_93017,val
cleveland_93169,val
cleveland_93234,train
cleveland_93239,train
cleveland_93393,train
cleveland_94599,train
cleveland_94600,train
cleveland_94601,train
cleveland_94602,train
cleveland_94605,train
cleveland_94606,val
cleveland_94607,train
cleveland_94609,train
cleveland_94611,val
cleveland_94612,train
cleveland_94672,train
cleveland_94846,train
cleveland_94966,val
cleveland_94983,train
cleveland_95063,train
cleveland_95079,train
cleveland_95086,train
cleveland_95087,train
cleveland_95097,test
cleveland_95171,train
cleveland_95183,train
cleveland_95195,train
cleveland_95196,train
cleveland_95204,train
cleveland_95206,train
cleveland_95207,train
cleveland_95208,train
cleveland_95209,val
cleveland_95212,train
cleveland_95250,train
cleveland_95253,train
cleveland_95257,train
cleveland_95258,train
cleveland_95259,train
cleveland_95261,test
cleveland_95262,train
cleveland_95263,test
cleveland_95264,train
cleveland_95265,test
cleveland_95266,val
cleveland_95268,train
cleveland_95270,train
cleveland_95272,test
cleveland_95274,train
cleveland_95275,train
cleveland_95276,train
cleveland_95277,train
cleveland_95282,train
cleveland_95283,val
cleveland_95284,train
cleveland_95285,train
cleveland_95287,test
cleveland_95288,train
cleveland_95289,train
cleveland_95337,train
cleveland_96264,val
cleveland_96328,train
cleveland_96334,test
cleveland_97134,train
cleveland_97136,train
cleveland_97137,test
cleveland_97138,train
cleveland_97139,train
cleveland_97141,train
cleveland_97142,val
cleveland_97143,train
cleveland_97145,train
cleveland_97146,train
cleveland_97147,train
cleveland_97148,train
cleveland_97149,val
cleveland_97150,test
cleveland_97152,val
cleveland_97153,train
cleveland_97154,train
cleveland_97156,test
cleveland_97157,train
cleveland_97158,train
cleveland_97159,val
cleveland_97160,train
cleveland_97164,val
cleveland_97165,train
cleveland_97166,train
cleveland_97169,test
cleveland_97170,train
cleveland_97171,train
cleveland_97176,train
cleveland_97177,train
cleveland_97179,train
cleveland_97181,val
cleveland_97189,train
cleveland_97190,test
cleveland_97191,train
cleveland_97192,train
cleveland_97267,train
cleveland_97298,val
cleveland_97299,train
cleveland_97300,train
cleveland_97326,train
cleveland_97335,val
cleveland_97336,train
cleveland_97421,train
cleveland_97422,test
cleveland_97424,train
cleveland_97426,train
cleveland_97455,test
cleveland_97468,train
cleveland_97500,train
cleveland_97502,val
cleveland_97636,train
cleveland_97770,test
cleveland_98000,train
cleveland_98043,train
cleveland_98203,train
cleveland_98215,test
cleveland_98252,train
cleveland_98261,train
cleveland_98273,val
cleveland_98274,train
cleveland_98293,train
cleveland_98338,train
cleveland_98439,test
cleveland_98440,test
cleveland_98442,train
cleveland_98710,test
cleveland_98711,train
cleveland_98712,train
cleveland_98867,train
cleveland_98868,train
cleveland_98870,train
cleveland_98872,test
cleveland_98904,val
cleveland_98905,train
cleveland_99306,train
cleveland_99428,val
cleveland_99429,train
cleveland_99443,train
cleveland_99445,val
cleveland_99450,train
cleveland_99451,train
cleveland_99662,train
cleveland_99750,val
nationalgallery_1,train
nationalgallery_10,test
nationalgallery_100,train
nationalgallery_100922,train
nationalgallery_100926,train
nationalgallery_101,test
nationalgallery_101282,train
nationalgallery_101676,train
nationalgallery_101678,train
nationalgallery_101749,train
nationalgallery_101776,test
nationalgallery_102,train
nationalgallery_102195,train
nationalgallery_102627,train
nationalgallery_102628,train
nationalgallery_102629,train
nationalgallery_102630,test
nationalgallery_102631,train
nationalgallery_102987,train
nationalgallery_103,train
nationalgallery_103172,test
nationalgallery_103247,test
nationalgallery_103611,train
nationalgallery_104,train
nationalgallery_104243,train
nationalgallery_105,train
nationalgallery_106,val
nationalgallery_106339,train
nationalgallery_106362,train
nationalgallery_106382,train
nationalgallery_106394,train
nationalgallery_106485,train
nationalgallery_106596,train
nationalgallery_106787,test
nationalgallery_106946,test
nationalgallery_107,train
nationalgallery_107315,val
nationalgallery_107525,train
nationalgallery_108382,test
nationalgallery_108617,test
nationalgallery_108661,val
nationalgallery_109,val
nationalgallery_1094,train
nationalgallery_1097,test
nationalgallery_109732,train
nationalgallery_109784,test
nationalgallery_11,train
nationalgallery_110,train
nationalgallery_1100,train
nationalgallery_110067,val
nationalgallery_1101,train
nationalgallery_110101,train
nationalgallery_110104,train
nationalgallery_110114,test
nationalgallery_110263,train
nationalgallery_110274,train
nationalgallery_110275,train
nationalgallery_110276,train
nationalgallery_110277,train
nationalgallery_110278,train
nationalgallery_110279,train
nationalgallery_110280,train
nationalgallery_110281,train
nationalgallery_1103,val
nationalgallery_1104,train
nationalgallery_110960,test
nationalgallery_111,train
nationalgallery_1110,test
nationalgallery_111124,train
nationalgallery_111194,test
nationalgallery_1113,train
nationalgallery_111573,train
nationalgallery_1116,train
nationalgallery_111627,val
nationalgallery_111638,train
nationalgallery_111718,train
nationalgallery_1121,train
nationalgallery_1122,train
nationalgallery_112264,train
nationalgallery_1123,val
nationalgallery_112373,train
nationalgallery_1124,train
nationalgallery_1126,train
nationalgallery_112629,train
nationalgallery_1127,train
nationalgallery_1128,train
nationalgallery_1129,train
nationalgallery_113,train
nationalgallery_1138,test
nationalgallery_1139,train
nationalgallery_114,train
nationalgallery_1140,train
nationalgallery_1141,train
nationalgallery_1142,train
nationalgallery_1145,train
nationalgallery_1146,test
nationalgallery_1147,train
nationalgallery_1148,test
nationalgallery_1149,test
nationalgallery_115,test
nationalgallery_1150,train
nationalgallery_1151,train
nationalgallery_1153,train
nationalgallery_1154,train
nationalgallery_1155,train
nationalgallery_1156,train
nationalgallery_1157,train
nationalgallery_1158,train
nationalgallery_116,train
nationalgallery_1161,test
nationalgallery_1163,train
nationalgallery_1165,train
nationalgallery_116570,train
nationalgallery_1166,val
nationalgallery_1167,train
nationalgallery_1168,val
nationalgallery_1169,val
nationalgallery_117,train
nationalgallery_1170,train
nationalgallery_1171,train
nationalgallery_117150,train
nationalgallery_1172,train
nationalgallery_1173,train
nationalgallery_117333,train
nationalgallery_1174,train
nationalgallery_1178,val
nationalgallery_1179,test
nationalgallery_117958,train
nationalgallery_117959,val
nationalgallery_118,train
nationalgallery_1180,train
nationalgallery_1181,test
nationalgallery_1182,train
nationalgallery_1183,val
nationalgallery_1184,train
nationalgallery_1185,train
nationalgallery_118598,train
nationalgallery_1186,train
nationalgallery_118611,train
nationalgallery_1187,val
nationalgallery_1188,train
nationalgallery_118800,train
nationalgallery_118801,test
nationalgallery_118820,train
nationalgallery_118821,train
nationalgallery_118822,train
nationalgallery_118823,train
nationalgallery_118824,train
nationalgallery_118825,train
nationalgallery_118826,train
nationalgallery_118827,train
nationalgallery_118828,test
nationalgallery_118829,train
nationalgallery_118830,train
nationalgallery_118846,train
nationalgallery_1189,train
nationalgallery_119005,train
nationalgallery_119006,test
nationalgallery_119019,val
nationalgallery_119049,test
nationalgallery_1191,train
nationalgallery_119184,val
nationalgallery_1192,test
nationalgallery_119295,test
nationalgallery_1193,test
nationalgallery_1194,train
nationalgallery_1195,test
nationalgallery_1196,train
nationalgallery_1197,train
nationalgallery_1198,train
nationalgallery_1199,test
nationalgallery_12,val
nationalgallery_1200,train
nationalgallery_1201,train
nationalgallery_1202,train
nationalgallery_1203,train
nationalgallery_1204,val
nationalgallery_1206,train
nationalgallery_1208,train
nationalgallery_1209,train
nationalgallery_12099,train
nationalgallery_1210,val
nationalgallery_12102,train
nationalgallery_12103,train
nationalgallery_121096,train
nationalgallery_121097,train
nationalgallery_1211,train
nationalgallery_121104,train
nationalgallery_12111,train
nationalgallery_12118,train
nationalgallery_1212,test
nationalgallery_12125,val
nationalgallery_12126,train
nationalgallery_12129,train
nationalgallery_1213,train
nationalgallery_12131,train
nationalgallery_12133,val
nationalgallery_12134,train
nationalgallery_121344,train
nationalgallery_12135,train
nationalgallery_12137,train
nationalgallery_12138,train
nationalgallery_12139,train
nationalgallery_1214,test
nationalgallery_12143,val
nationalgallery_12145,train
nationalgallery_12146,train
nationalgallery_12147,train
nationalgallery_12148,test
nationalgallery_12150,train
nationalgallery_12151,train
nationalgallery_12152,train
nationalgallery_12153,val
nationalgallery_12154,train
nationalgallery_121547,train
nationalgallery_12155,train
nationalgallery_12156,val
nationalgallery_12157,test
nationalgallery_12158,test
nationalgallery_121618,train
nationalgallery_1218,train
nationalgallery_121887,train
nationalgallery_1219,train
nationalgallery_12197,val
nationalgallery_12198,test
nationalgallery_12199,train
nationalgallery_1220,train
nationalgallery_12200,train
nationalgallery_12201,test
nationalgallery_12202,val
nationalgallery_12204,train
nationalgallery_12205,train
nationalgallery_12206,train
nationalgallery_12207,train
nationalgallery_12209,val
nationalgallery_1221,train
nationalgallery_1222,train
nationalgallery_1224,train
nationalgallery_1225,val
nationalgallery_1226,train
nationalgallery_1227,val
nationalgallery_1228,train
nationalgallery_1230,train
nationalgallery_1231,test
nationalgallery_1232,val
nationalgallery_1233,train
nationalgallery_123386,train
nationalgallery_1235,train
nationalgallery_1236,val
nationalgallery_1237,train
nationalgallery_1238,train
nationalgallery_1240,train
nationalgallery_124519,test
nationalgallery_124525,train
nationalgallery_125227,val
nationalgallery_125313,train
nationalgallery_125748,train
nationalgallery_126127,train
nationalgallery_126131,test
nationalgallery_126132,val
nationalgallery_126134,train
nationalgallery_126135,train
nationalgallery_126136,train
nationalgallery_126137,test
nationalgallery_126145,train
nationalgallery_126146,train
nationalgallery_126147,train
nationalgallery_126149,train
nationalgallery_126152,train
nationalgallery_126161,train
nationalgallery_126162,test
nationalgallery_126485,test
nationalgallery_127202,train
nationalgallery_127211,train
nationalgallery_127219,train
nationalgallery_127263,train
nationalgallery_127554,train
nationalgallery_127587,train
nationalgallery_127672,train
nationalgallery_127695,val
nationalgallery_128004,test
nationalgallery_129265,train
nationalgallery_129283,val
nationalgallery_129288,train
nationalgallery_129358,train
nationalgallery_129432,test
nationalgallery_129433,val
nationalgallery_129865,train
nationalgallery_13,test
nationalgallery_130198,train
nationalgallery_130555,train
nationalgallery_130808,test
nationalgallery_130841,val
nationalgallery_130842,train
nationalgallery_130843,val
nationalgallery_130865,train
nationalgallery_130867,train
nationalgallery_130880,val
nationalgallery_130889,val
nationalgallery_130890,train
nationalgallery_130891,train
nationalgallery_130892,train
nationalgallery_130893,train
nationalgallery_130894,train
nationalgallery_130895,train
nationalgallery_130896,train
nationalgallery_130897,train
nationalgallery_130898,train
nationalgallery_131027,train
nationalgallery_131028,train
nationalgallery_131041,train
nationalgallery_131415,train
nationalgallery_131947,train
nationalgallery_131993,train
nationalgallery_132261,val
nationalgallery_132271,train
nationalgallery_133023,test
nationalgallery_133512,train
nationalgallery_133518,train
nationalgallery_133761,val
nationalgallery_133837,train
nationalgallery_134165,train
nationalgallery_134166,train
nationalgallery_134232,val
nationalgallery_134485,train
nationalgallery_134540,val
nationalgallery_135093,val
nationalgallery_135512,train
nationalgallery_136014,train
nationalgallery_136015,train
nationalgallery_136016,train
nationalgallery_136017,train
nationalgallery_136018,val
nationalgallery_136019,train
nationalgallery_137183,val
nationalgallery_137505,train
nationalgallery_137524,train
nationalgallery_137693,train
nationalgallery_138735,test
nationalgallery_138852,test
nationalgallery_139354,train
nationalgallery_139458,test
nationalgallery_139764,train
nationalgallery_139765,val
nationalgallery_14,train
nationalgallery_140376,train
nationalgallery_140728,test
nationalgallery_140908,train
nationalgallery_140909,train
nationalgallery_140910,train
nationalgallery_142008,train
nationalgallery_142346,test
nationalgallery_144298,train
nationalgallery_147,train
nationalgallery_15,train
nationalgallery_150384,test
nationalgallery_150754,test
nationalgallery_150903,train
nationalgallery_151105,train
nationalgallery_153202,train
nationalgallery_154215,val
nationalgallery_154233,test
nationalgallery_154657,train
nationalgallery_154844,train
nationalgallery_155712,train
nationalgallery_156252,train
nationalgallery_156940,train
nationalgallery_157388,train
nationalgallery_157395,val
nationalgallery_157462,train
nationalgallery_157526,test
nationalgallery_157922,train
nationalgallery_157923,val
nationalgallery_157924,train
nationalgallery_157928,train
nationalgallery_157929,train
nationalgallery_158587,train
nationalgallery_159063,train
nationalgallery_159064,train
nationalgallery_159836,test
nationalgallery_16,train
nationalgallery_160960,train
nationalgallery_161,train
nationalgallery_161648,train
nationalgallery_161665,train
nationalgallery_162261,test
nationalgallery_162866,train
nationalgallery_163184,train
nationalgallery_163323,train
nationalgallery_163527,test
nationalgallery_163768,train
nationalgallery_163917,train
nationalgallery_164870,val
nationalgallery_164915,train
nationalgallery_164918,train
nationalgallery_164919,train
nationalgallery_164921,train
nationalgallery_164923,test
nationalgallery_164928,train
nationalgallery_164929,train
nationalgallery_164936,train
nationalgallery_164938,train
nationalgallery_164939,test
nationalgallery_164942,test
nationalgallery_164944,val
nationalgallery_164945,test
nationalgallery_164946,train
nationalgallery_164947,val
nationalgallery_164948,train
nationalgallery_164949,train
nationalgallery_164950,test
nationalgallery_164952,train
nationalgallery_164954,test
nationalgallery_164955,train
nationalgallery_164956,val
nationalgallery_164958,train
nationalgallery_164959,train
nationalgallery_164960,train
nationalgallery_164961,train
nationalgallery_164962,train
nationalgallery_164963,test
nationalgallery_164964,val
nationalgallery_164965,train
nationalgallery_164966,train
nationalgallery_164967,test
nationalgallery_164968,train
nationalgallery_164969,train
nationalgallery_165,train
nationalgallery_165221,val
nationalgallery_165300,train
nationalgallery_165887,train
nationalgallery_166427,train
nationalgallery_166428,train
nationalgallery_166430,train
nationalgallery_166432,train
nationalgallery_166433,train
nationalgallery_166436,train
nationalgallery_166437,train
nationalgallery_166438,test
nationalgallery_166439,train
nationalgallery_166440,train
nationalgallery_166442,train
nationalgallery_166443,train
nationalgallery_166446,train
nationalgallery_166447,test
nationalgallery_166448,train
nationalgallery_166452,train
nationalgallery_166453,train
nationalgallery_166454,train
nationalgallery_166455,train
nationalgallery_166460,train
nationalgallery_166461,train
nationalgallery_166462,train
nationalgallery_166463,train
nationalgallery_166464,val
nationalgallery_166465,train
nationalgallery_166466,train
nationalgallery_166467,test
nationalgallery_166468,val
nationalgallery_166469,train
nationalgallery_166470,train
nationalgallery_166471,train
nationalgallery_166472,train
nationalgallery_166475,val
nationalgallery_166476,test
nationalgallery_166478,test
nationalgallery_166481,train
nationalgallery_166491,train
nationalgallery_166494,train
nationalgallery_166496,train
nationalgallery_166497,train
nationalgallery_166498,train
nationalgallery_166499,val
nationalgallery_166500,train
nationalgallery_166501,train
nationalgallery_166502,train
nationalgallery_167923,train
nationalgallery_168755,train
nationalgallery_168756,train
nationalgallery_168845,train
nationalgallery_17,test
nationalgallery_171695,train
nationalgallery_172,val
nationalgallery_174950,train
nationalgallery_175339,train
nationalgallery_176300,train
nationalgallery_176395,train
nationalgallery_176397,train
nationalgallery_176558,val
nationalgallery_176783,train
nationalgallery_176848,train
nationalgallery_176886,test
nationalgallery_176888,test
nationalgallery_176904,train
nationalgallery_176974,train
nationalgallery_177017,test
nationalgallery_177033,train
nationalgallery_177034,train
nationalgallery_177037,test
nationalgallery_177052,train
nationalgallery_177072,train
nationalgallery_177073,train
nationalgallery_177090,train
nationalgallery_177101,test
nationalgallery_177155,train
nationalgallery_177161,val
nationalgallery_177271,test
nationalgallery_177332,val
nationalgallery_177432,val
nationalgallery_177550,train
nationalgallery_177627,val
nationalgallery_177670,train
nationalgallery_177682,val
nationalgallery_177779,train
nationalgallery_177785,test
nationalgallery_177786,train
nationalgallery_177787,test
nationalgallery_177895,train
nationalgallery_177903,train
nationalgallery_177906,test
nationalgallery_177912,train
nationalgallery_177918,test
nationalgallery_177919,train
nationalgallery_177986,train
nationalgallery_178016,train
nationalgallery_178026,val
nationalgallery_178063,train
nationalgallery_178080,val
nationalgallery_178092,test
nationalgallery_178096,test
nationalgallery_178114,train
nationalgallery_178127,train
nationalgallery_178128,train
nationalgallery_178141,val
nationalgallery_178145,val
nationalgallery_178150,test
nationalgallery_178208,train
nationalgallery_178254,train
nationalgallery_178262,train
nationalgallery_178267,test
nationalgallery_178273,train
nationalgallery_178282,train
nationalgallery_178305,train
nationalgallery_178311,train
nationalgallery_178318,train
nationalgallery_178320,train
nationalgallery_178348,train
nationalgallery_18,train
nationalgallery_182,test
nationalgallery_183,train
nationalgallery_184,train
nationalgallery_186,test
nationalgallery_19,train
nationalgallery_194944,val
nationalgallery_194951,train
nationalgallery_194982,train
nationalgallery_195019,train
nationalgallery_195026,train
nationalgallery_195072,train
nationalgallery_195077,train
nationalgallery_195088,train
nationalgallery_195105,val
nationalgallery_195106,train
nationalgallery_195112,train
nationalgallery_195115,train
nationalgallery_195117,train
nationalgallery_195122,train
nationalgallery_195123,train
nationalgallery_195131,train
nationalgallery_195132,val
nationalgallery_195134,train
nationalgallery_195135,train
nationalgallery_195138,train
nationalgallery_195142,train
nationalgallery_195149,train
nationalgallery_195170,test
nationalgallery_195201,train
nationalgallery_195347,train
nationalgallery_195361,train
nationalgallery_195366,train
nationalgallery_195388,train
nationalgallery_195391,train
nationalgallery_195433,val
nationalgallery_195455,test
nationalgallery_195461,train
nationalgallery_195475,train
nationalgallery_195487,train
nationalgallery_195490,train
nationalgallery_195496,train
nationalgallery_195497,train
nationalgallery_195502,train
nationalgallery_195505,val
nationalgallery_195506,test
nationalgallery_195513,train
nationalgallery_195531,val
nationalgallery_195567,train
nationalgallery_195574,test
nationalgallery_195580,train
nationalgallery_195586,train
nationalgallery_195591,val
nationalgallery_195605,train
nationalgallery_195615,train
nationalgallery_195617,train
nationalgallery_195628,train
nationalgallery_195635,train
nationalgallery_195647,train
nationalgallery_195670,train
nationalgallery_195698,train
nationalgallery_195704,test
nationalgallery_195727,test
nationalgallery_195765,train
nationalgallery_195774,test
nationalgallery_195785,train
nationalgallery_195800,test
nationalgallery_195805,test
nationalgallery_195807,train
nationalgallery_195825,train
nationalgallery_195829,test
nationalgallery_195850,train
nationalgallery_195858,train
nationalgallery_195860,test
nationalgallery_195862,train
nationalgallery_195865,test
nationalgallery_198423,train
nationalgallery_198424,train
nationalgallery_199285,train
nationalgallery_2,train
nationalgallery_20,train
nationalgallery_202761,test
nationalgallery_203,train
nationalgallery_204,train
nationalgallery_204092,train
nationalgallery_204911,val
nationalgallery_205,train
nationalgallery_205411,val
nationalgallery_205573,train
nationalgallery_205977,train
nationalgallery_206067,train
nationalgallery_206070,train
nationalgallery_206484,train
nationalgallery_206651,val
nationalgallery_206775,train
nationalgallery_206777,train
nationalgallery_208068,val
nationalgallery_210038,train
nationalgallery_212,test
nationalgallery_213,train
nationalgallery_213413,train
nationalgallery_214111,train
nationalgallery_214113,train
nationalgallery_214114,test
nationalgallery_214115,test
nationalgallery_214116,test
nationalgallery_214117,train
nationalgallery_214118,train
nationalgallery_214119,train
nationalgallery_214120,val
nationalgallery_214121,train
nationalgallery_214122,train
nationalgallery_214124,train
nationalgallery_214125,train
nationalgallery_214129,train
nationalgallery_214130,train
nationalgallery_214131,train
nationalgallery_214132,val
nationalgallery_214133,train
nationalgallery_214134,val
nationalgallery_214135,train
nationalgallery_214136,test
nationalgallery_214137,train
nationalgallery_214255,train
nationalgallery_214256,train
nationalgallery_214332,test
nationalgallery_214374,train
nationalgallery_214900,train
nationalgallery_214901,val
nationalgallery_214902,train
nationalgallery_214903,val
nationalgallery_215580,test
nationalgallery_216025,test
nationalgallery_216037,train
nationalgallery_217102,train
nationalgallery_218605,train
nationalgallery_219341,val
nationalgallery_219555,train
nationalgallery_22,val
nationalgallery_220337,test
nationalgallery_220445,train
nationalgallery_220510,train
nationalgallery_221,test
nationalgallery_221200,train
nationalgallery_221207,val
nationalgallery_221599,train
nationalgallery_222287,train
nationalgallery_222552,train
nationalgallery_224,test
nationalgallery_224919,train
nationalgallery_224921,train
nationalgallery_225441,val
nationalgallery_226393,train
nationalgallery_226402,train
nationalgallery_226411,train
nationalgallery_226639,train
nationalgallery_227478,val
nationalgallery_227488,val
nationalgallery_227490,train
nationalgallery_228356,train
nationalgallery_229,train
nationalgallery_229378,train
nationalgallery_229850,train
nationalgallery_23,test
nationalgallery_230998,test
nationalgallery_231331,test
nationalgallery_231465,train
nationalgallery_231675,train
nationalgallery_231676,test
nationalgallery_231677,train
nationalgallery_231679,test
nationalgallery_231680,test
nationalgallery_231681,train
nationalgallery_231682,val
nationalgallery_231753,val
nationalgallery_231754,train
nationalgallery_231772,train
nationalgallery_232107,test
nationalgallery_239,train
nationalgallery_24,test
nationalgallery_241,train
nationalgallery_248,train
nationalgallery_249,train
nationalgallery_25,train
nationalgallery_250,train
nationalgallery_254,test
nationalgallery_255,test
nationalgallery_256,train
nationalgallery_258,train
nationalgallery_259,train
nationalgallery_26,test
nationalgallery_261,val
nationalgallery_267,train
nationalgallery_27,test
nationalgallery_270,train
nationalgallery_272,test
nationalgallery_28,train
nationalgallery_281,train
nationalgallery_282,val
nationalgallery_283,val
nationalgallery_284,train
nationalgallery_285,train
nationalgallery_288,train
nationalgallery_29,val
nationalgallery_294,train
nationalgallery_296,train
nationalgallery_297,train
nationalgallery_30,train
nationalgallery_300,train
nationalgallery_301,train
nationalgallery_30115,train
nationalgallery_30211,test
nationalgallery_30212,val
nationalgallery_30214,train
nationalgallery_30215,train
nationalgallery_30216,train
nationalgallery_30217,train
nationalgallery_30218,val
nationalgallery_30221,val
nationalgallery_30230,train
nationalgallery_30231,train
nationalgallery_30241,train
nationalgallery_30344,train
nationalgallery_306,train
nationalgallery_30667,val
nationalgallery_30742,train
nationalgallery_30776,train
nationalgallery_309,train
nationalgallery_31,val
nationalgallery_3159,train
nationalgallery_32,test
nationalgallery_3200,train
nationalgallery_3202,val
nationalgallery_3204,train
nationalgallery_3205,train
nationalgallery_3207,train
nationalgallery_321,val
nationalgallery_323,train
nationalgallery_3238,train
nationalgallery_32577,val
nationalgallery_32578,train
nationalgallery_32579,test
nationalgallery_32580,train
nationalgallery_32581,train
nationalgallery_32586,val
nationalgallery_32587,train
nationalgallery_32588,train
nationalgallery_32589,train
nationalgallery_32624,train
nationalgallery_32678,train
nationalgallery_32679,val
nationalgallery_32680,train
nationalgallery_32681,train
nationalgallery_32682,train
nationalgallery_32683,train
nationalgallery_32684,train
nationalgallery_32685,train
nationalgallery_32686,train
nationalgallery_32687,train
nationalgallery_32689,train
nationalgallery_32690,train
nationalgallery_32692,train
nationalgallery_32694,train
nationalgallery_32697,train
nationalgallery_33,train
nationalgallery_332,train
nationalgallery_33246,train
nationalgallery_33250,test
nationalgallery_33253,train
nationalgallery_33254,test
nationalgallery_33255,train
nationalgallery_33745,train
nationalgallery_33746,train
nationalgallery_33747,val
nationalgallery_33748,val
nationalgallery_33750,test
nationalgallery_33751,train
nationalgallery_33753,train
nationalgallery_33754,val
nationalgallery_33755,test
nationalgallery_33756,val
nationalgallery_33757,train
nationalgallery_33962,val
nationalgallery_33970,train
nationalgallery_34,test
nationalgallery_34046,train
nationalgallery_34047,val
nationalgallery_34049,train
nationalgallery_34051,train
nationalgallery_34054,train
nationalgallery_34055,val
nationalgallery_34057,val
nationalgallery_34058,train
nationalgallery_34059,test
nationalgallery_34062,val
nationalgallery_34065,train
nationalgallery_34067,val
nationalgallery_34090,val
nationalgallery_34092,test
nationalgallery_34101,train
nationalgallery_34102,train
nationalgallery_34103,train
nationalgallery_34105,train
nationalgallery_34110,val
nationalgallery_34113,train
nationalgallery_34115,train
nationalgallery_34116,test
nationalgallery_34120,train
nationalgallery_34122,train
nationalgallery_34125,train
nationalgallery_34126,test
nationalgallery_34133,train
nationalgallery_34137,train
nationalgallery_34144,train
nationalgallery_34146,val
nationalgallery_34149,train
nationalgallery_34150,val
nationalgallery_34156,train
nationalgallery_34159,train
nationalgallery_34163,train
nationalgallery_344,train
nationalgallery_34637,train
nationalgallery_34638,test
nationalgallery_34641,test
nationalgallery_34956,train
nationalgallery_34957,train
nationalgallery_35,train
nationalgallery_35080,train
nationalgallery_35081,train
nationalgallery_35082,test
nationalgallery_35083,test
nationalgallery_35084,val
nationalgallery_35085,train
nationalgallery_35086,val
nationalgallery_35087,train
nationalgallery_35088,train
nationalgallery_35089,train
nationalgallery_35090,val
nationalgallery_35091,train
nationalgallery_35092,train
nationalgallery_35093,train
nationalgallery_35094,train
nationalgallery_354,val
nationalgallery_355,train
nationalgallery_356,train
nationalgallery_357,train
nationalgallery_358,train
nationalgallery_359,train
nationalgallery_36,train
nationalgallery_360,train
nationalgallery_361,train
nationalgallery_362,train
nationalgallery_364,train
nationalgallery_365,test
nationalgallery_366,val
nationalgallery_367,test
nationalgallery_368,train
nationalgallery_369,test
nationalgallery_370,test
nationalgallery_37004,test
nationalgallery_37005,train
nationalgallery_37008,train
nationalgallery_372,train
nationalgallery_37626,test
nationalgallery_37630,train
nationalgallery_37632,train
nationalgallery_37633,train
nationalgallery_37634,train
nationalgallery_37635,train
nationalgallery_37636,val
nationalgallery_37637,train
nationalgallery_38,train
nationalgallery_387,train
nationalgallery_38935,train
nationalgallery_39,test
nationalgallery_391,test
nationalgallery_395,test
nationalgallery_396,train
nationalgallery_397,train
nationalgallery_39729,test
nationalgallery_39758,train
nationalgallery_39759,train
nationalgallery_39760,val
nationalgallery_39763,train
nationalgallery_39764,train
nationalgallery_39765,test
nationalgallery_39766,test
nationalgallery_39767,train
nationalgallery_39768,train
nationalgallery_39769,train
nationalgallery_39770,train
nationalgallery_39771,train
nationalgallery_39772,train
nationalgallery_399,train
nationalgallery_4,train
nationalgallery_40,train
nationalgallery_400,val
nationalgallery_401,train
nationalgallery_404,train
nationalgallery_405,train
nationalgallery_406,train
nationalgallery_408,train
nationalgallery_409,train
nationalgallery_41,test
nationalgallery_411,val
nationalgallery_414,train
nationalgallery_41535,train
nationalgallery_41578,train
nationalgallery_41579,test
nationalgallery_41581,test
nationalgallery_41582,train
nationalgallery_41583,test
nationalgallery_41584,val
nationalgallery_41585,train
nationalgallery_41586,val
nationalgallery_41587,train
nationalgallery_41588,test
nationalgallery_41589,val
nationalgallery_41590,train
nationalgallery_41591,train
nationalgallery_41592,train
nationalgallery_41595,val
nationalgallery_41596,train
nationalgallery_41597,val
nationalgallery_41598,train
nationalgallery_41599,train
nationalgallery_41600,val
nationalgallery_41601,train
nationalgallery_41602,train
nationalgallery_41603,test
nationalgallery_41604,train
nationalgallery_41605,train
nationalgallery_41606,train
nationalgallery_41609,test
nationalgallery_41610,train
nationalgallery_41611,train
nationalgallery_41612,val
nationalgallery_41613,train
nationalgallery_41614,train
nationalgallery_41615,train
nationalgallery_41616,train
nationalgallery_41617,train
nationalgallery_41620,test
nationalgallery_41622,val
nationalgallery_41623,train
nationalgallery_41624,val
nationalgallery_41625,train
nationalgallery_41626,train
nationalgallery_41628,train
nationalgallery_41629,train
nationalgallery_41630,train
nationalgallery_41631,train
nationalgallery_41633,test
nationalgallery_41634,train
nationalgallery_41635,test
nationalgallery_41636,train
nationalgallery_41637,val
nationalgallery_41639,test
nationalgallery_41640,train
nationalgallery_41641,train
nationalgallery_41642,train
nationalgallery_41643,train
nationalgallery_41644,train
nationalgallery_41645,test
nationalgallery_41647,train
nationalgallery_41648,train
nationalgallery_41649,test
nationalgallery_41650,train
nationalgallery_41651,train
nationalgallery_41652,train
nationalgallery_41653,train
nationalgallery_41654,val
nationalgallery_41655,train
nationalgallery_41656,train
nationalgallery_41657,train
nationalgallery_41658,val
nationalgallery_41659,train
nationalgallery_41660,val
nationalgallery_41661,train
nationalgallery_41662,train
nationalgallery_41663,test
nationalgallery_41665,train
nationalgallery_41666,train
nationalgallery_41667,train
nationalgallery_41668,train
nationalgallery_41669,test
nationalgallery_41670,train
nationalgallery_41671,train
nationalgallery_41673,val
nationalgallery_41674,test
nationalgallery_41675,test
nationalgallery_41676,train
nationalgallery_41677,train
nationalgallery_41678,train
nationalgallery_41680,test
nationalgallery_41681,val
nationalgallery_41682,train
nationalgallery_41683,train
nationalgallery_41685,test
nationalgallery_41686,train
nationalgallery_41687,val
nationalgallery_41688,train
nationalgallery_41689,train
nationalgallery_41690,train
nationalgallery_41691,test
nationalgallery_41693,train
nationalgallery_41694,test
nationalgallery_41695,train
nationalgallery_41696,train
nationalgallery_41697,train
nationalgallery_41698,val
nationalgallery_41699,val
nationalgallery_417,train
nationalgallery_41700,train
nationalgallery_41701,train
nationalgallery_41702,train
nationalgallery_41703,val
nationalgallery_42,train
nationalgallery_422,train
nationalgallery_42284,train
nationalgallery_42285,train
nationalgallery_42286,train
nationalgallery_42287,train
nationalgallery_423,train
nationalgallery_42389,train
nationalgallery_42394,val
nationalgallery_42395,test
nationalgallery_42396,train
nationalgallery_42398,train
nationalgallery_42405,train
nationalgallery_42407,train
nationalgallery_42408,test
nationalgallery_42411,train
nationalgallery_42412,train
nationalgallery_42413,val
nationalgallery_42414,train
nationalgallery_42415,test
nationalgallery_42416,test
nationalgallery_42420,test
nationalgallery_42421,train
nationalgallery_42429,train
nationalgallery_42430,test
nationalgallery_42435,train
nationalgallery_42436,test
nationalgallery_42437,test
nationalgallery_42440,val
nationalgallery_42443,train
nationalgallery_42444,test
nationalgallery_42445,train
nationalgallery_42446,train
nationalgallery_42448,val
nationalgallery_42449,train
nationalgallery_42451,train
nationalgallery_42452,train
nationalgallery_42453,train
nationalgallery_42454,train
nationalgallery_42456,train
nationalgallery_42458,val
nationalgallery_42459,test
nationalgallery_42461,train
nationalgallery_42463,val
nationalgallery_42466,train
nationalgallery_42467,train
nationalgallery_42470,train
nationalgallery_42471,val
nationalgallery_42475,train
nationalgallery_42476,train
nationalgallery_42477,val
nationalgallery_42478,train
nationalgallery_42480,train
nationalgallery_42481,train
nationalgallery_42483,train
nationalgallery_42484,train
nationalgallery_42485,val
nationalgallery_42486,train
nationalgallery_42488,train
nationalgallery_42489,test
nationalgallery_42490,train
nationalgallery_42491,train
nationalgallery_42492,train
nationalgallery_42493,train
nationalgallery_42494,train
nationalgallery_42495,test
nationalgallery_42496,train
nationalgallery_42497,train
nationalgallery_42498,train
nationalgallery_42499,train
nationalgallery_42501,train
nationalgallery_42502,train
nationalgallery_42503,train
nationalgallery_42504,train
nationalgallery_42505,train
nationalgallery_42506,train
nationalgallery_42507,test
nationalgallery_42509,train
nationalgallery_426,train
nationalgallery_42848,train
nationalgallery_42851,train
nationalgallery_42853,test
nationalgallery_42854,train
nationalgallery_42914,train
nationalgallery_42923,train
nationalgallery_42925,train
nationalgallery_42926,train
nationalgallery_42927,test
nationalgallery_42928,train
nationalgallery_42929,train
nationalgallery_42930,test
nationalgallery_42931,train
nationalgallery_42932,val
nationalgallery_42935,val
nationalgallery_42939,train
nationalgallery_42941,train
nationalgallery_43,train
nationalgallery_431,train
nationalgallery_43198,test
nationalgallery_432,train
nationalgallery_43262,test
nationalgallery_433,train
nationalgallery_43319,train
nationalgallery_43320,train
nationalgallery_434,train
nationalgallery_43430,train
nationalgallery_43432,train
nationalgallery_43434,test
nationalgallery_43435,test
nationalgallery_43436,train
nationalgallery_43438,val
nationalgallery_43439,train
nationalgallery_43440,train
nationalgallery_43441,test
nationalgallery_43442,train
nationalgallery_43443,train
nationalgallery_43444,test
nationalgallery_43445,train
nationalgallery_43446,val
nationalgallery_43447,test
nationalgallery_43448,train
nationalgallery_43449,train
nationalgallery_43450,val
nationalgallery_43452,train
nationalgallery_43453,train
nationalgallery_43454,val
nationalgallery_43512,train
nationalgallery_43514,train
nationalgallery_43515,train
nationalgallery_43517,train
nationalgallery_43518,train
nationalgallery_43586,train
nationalgallery_43595,test
nationalgallery_43596,train
nationalgallery_43597,val
nationalgallery_43598,train
nationalgallery_43599,val
nationalgallery_436,val
nationalgallery_43610,train
nationalgallery_43624,train
nationalgallery_43625,train
nationalgallery_43626,train
nationalgallery_43630,val
nationalgallery_43631,train
nationalgallery_43632,test
nationalgallery_43633,train
nationalgallery_43634,train
nationalgallery_43638,val
nationalgallery_43639,val
nationalgallery_43640,train
nationalgallery_43641,train
nationalgallery_43642,train
nationalgallery_43643,test
nationalgallery_43673,train
nationalgallery_43674,train
nationalgallery_43678,train
nationalgallery_43679,train
nationalgallery_43680,test
nationalgallery_43681,train
nationalgallery_43682,train
nationalgallery_43683,test
nationalgallery_43684,test
nationalgallery_43685,train
nationalgallery_43686,train
nationalgallery_43687,val
nationalgallery_437,train
nationalgallery_43706,test
nationalgallery_43707,train
nationalgallery_43711,train
nationalgallery_43713,val
nationalgallery_43716,train
nationalgallery_43721,train
nationalgallery_43722,train
nationalgallery_43723,train
nationalgallery_43724,train
nationalgallery_43725,train
nationalgallery_44,train
nationalgallery_440,train
nationalgallery_447,test
nationalgallery_45,train
nationalgallery_453,train
nationalgallery_45640,train
nationalgallery_45641,train
nationalgallery_45644,val
nationalgallery_45852,train
nationalgallery_45853,test
nationalgallery_45854,train
nationalgallery_45856,train
nationalgallery_45857,val
nationalgallery_45858,train
nationalgallery_45859,train
nationalgallery_45860,train
nationalgallery_45861,test
nationalgallery_45864,train
nationalgallery_45865,train
nationalgallery_45866,test
nationalgallery_45867,train
nationalgallery_45872,train
nationalgallery_45876,val
nationalgallery_45877,train
nationalgallery_45878,test
nationalgallery_45879,val
nationalgallery_45880,train
nationalgallery_45885,train
nationalgallery_45887,train
nationalgallery_45888,train
nationalgallery_45889,val
nationalgallery_45890,train
nationalgallery_45891,test
nationalgallery_45955,val
nationalgallery_45957,test
nationalgallery_45958,train
nationalgallery_45959,train
nationalgallery_45960,train
nationalgallery_45961,train
nationalgallery_45962,train
nationalgallery_45964,train
nationalgallery_45966,train
nationalgallery_45986,train
nationalgallery_460,val
nationalgallery_46004,train
nationalgallery_46005,test
nationalgallery_46007,train
nationalgallery_46008,train
nationalgallery_46025,train
nationalgallery_46026,train
nationalgallery_46027,train
nationalgallery_46028,train
nationalgallery_46029,train
nationalgallery_46032,val
nationalgallery_46034,train
nationalgallery_46035,train
nationalgallery_46036,train
nationalgallery_46037,val
nationalgallery_46038,test
nationalgallery_46039,train
nationalgallery_46043,train
nationalgallery_46045,train
nationalgallery_46046,train
nationalgallery_46048,train
nationalgallery_46049,train
nationalgallery_46051,val
nationalgallery_46053,train
nationalgallery_46054,train
nationalgallery_46056,val
nationalgallery_46057,train
nationalgallery_46058,train
nationalgallery_46060,val
nationalgallery_46061,train
nationalgallery_46062,val
nationalgallery_46063,test
nationalgallery_46064,train
nationalgallery_46065,train
nationalgallery_46066,val
nationalgallery_46078,test
nationalgallery_46087,val
nationalgallery_46088,val
nationalgallery_46089,train
nationalgallery_46090,val
nationalgallery_46093,train
nationalgallery_46094,train
nationalgallery_46095,val
nationalgallery_46097,train
nationalgallery_46098,train
nationalgallery_46099,train
nationalgallery_46100,train
nationalgallery_46101,val
nationalgallery_46102,train
nationalgallery_46103,val
nationalgallery_46104,train
nationalgallery_46105,train
nationalgallery_46107,train
nationalgallery_46108,train
nationalgallery_46109,train
nationalgallery_46110,train
nationalgallery_46111,train
nationalgallery_46114,train
nationalgallery_46115,train
nationalgallery_46116,val
nationalgallery_46117,train
nationalgallery_46118,val
nationalgallery_46120,train
nationalgallery_46121,train
nationalgallery_46122,train
nationalgallery_46123,train
nationalgallery_46126,train
nationalgallery_46127,train
nationalgallery_46128,train
nationalgallery_46129,train
nationalgallery_46130,train
nationalgallery_46131,train
nationalgallery_46132,train
nationalgallery_46133,train
nationalgallery_46134,test
nationalgallery_46135,train
nationalgallery_46136,train
nationalgallery_46137,train
nationalgallery_46138,train
nationalgallery_46139,train
nationalgallery_46140,train
nationalgallery_46141,train
nationalgallery_46142,test
nationalgallery_46143,train
nationalgallery_46144,train
nationalgallery_46145,train
nationalgallery_46146,train
nationalgallery_46147,train
nationalgallery_46148,test
nationalgallery_46149,train
nationalgallery_46150,train
nationalgallery_46151,train
nationalgallery_46152,train
nationalgallery_46153,test
nationalgallery_46154,train
nationalgallery_46155,train
nationalgallery_46156,train
nationalgallery_46157,val
nationalgallery_46159,train
nationalgallery_46160,train
nationalgallery_46161,val
nationalgallery_46162,train
nationalgallery_46163,train
nationalgallery_46164,train
nationalgallery_46165,test
nationalgallery_46166,train
nationalgallery_46167,train
nationalgallery_46169,train
nationalgallery_46170,train
nationalgallery_46171,test
nationalgallery_46172,train
nationalgallery_46173,train
nationalgallery_46174,train
nationalgallery_46176,train
nationalgallery_46177,train
nationalgallery_46179,train
nationalgallery_46180,train
nationalgallery_46181,train
nationalgallery_46183,train
nationalgallery_46184,train
nationalgallery_46185,val
nationalgallery_46186,test
nationalgallery_46187,train
nationalgallery_46188,test
nationalgallery_46189,train
nationalgallery_46190,train
nationalgallery_46191,train
nationalgallery_46303,test
nationalgallery_46426,val
nationalgallery_46427,test
nationalgallery_46428,train
nationalgallery_46434,train
nationalgallery_46437,train
nationalgallery_46440,train
nationalgallery_46468,train
nationalgallery_46469,train
nationalgallery_46470,train
nationalgallery_46471,train
nationalgallery_46473,train
nationalgallery_46474,val
nationalgallery_46475,train
nationalgallery_46476,test
nationalgallery_46479,train
nationalgallery_46480,train
nationalgallery_46481,test
nationalgallery_46482,test
nationalgallery_46483,train
nationalgallery_46485,train
nationalgallery_46487,train
nationalgallery_46488,train
nationalgallery_46489,test
nationalgallery_46498,train
nationalgallery_46499,train
nationalgallery_46500,train
nationalgallery_46502,train
nationalgallery_46504,test
nationalgallery_46505,train
nationalgallery_46506,train
nationalgallery_46507,train
nationalgallery_46508,train
nationalgallery_46509,test
nationalgallery_46518,test
nationalgallery_46519,train
nationalgallery_46520,train
nationalgallery_46521,train
nationalgallery_46522,train
nationalgallery_46523,train
nationalgallery_46524,train
nationalgallery_46529,train
nationalgallery_46531,train
nationalgallery_46532,train
nationalgallery_46533,train
nationalgallery_46534,train
nationalgallery_46535,train
nationalgallery_46539,train
nationalgallery_46540,train
nationalgallery_46542,test
nationalgallery_46544,train
nationalgallery_46545,train
nationalgallery_46546,train
nationalgallery_46550,train
nationalgallery_46551,val
nationalgallery_46552,test
nationalgallery_46553,train
nationalgallery_46556,val
nationalgallery_46557,train
nationalgallery_46558,train
nationalgallery_46559,test
nationalgallery_46562,val
nationalgallery_46568,train
nationalgallery_46569,train
nationalgallery_46570,train
nationalgallery_46571,test
nationalgallery_46572,test
nationalgallery_46573,val
nationalgallery_46574,train
nationalgallery_46575,val
nationalgallery_46576,train
nationalgallery_46577,train
nationalgallery_46578,val
nationalgallery_46579,train
nationalgallery_46580,train
nationalgallery_46581,train
nationalgallery_46583,train
nationalgallery_46584,train
nationalgallery_46585,test
nationalgallery_46586,train
nationalgallery_46587,val
nationalgallery_46589,train
nationalgallery_46591,train
nationalgallery_46592,test
nationalgallery_46593,train
nationalgallery_46594,train
nationalgallery_46595,val
nationalgallery_46596,train
nationalgallery_46597,train
nationalgallery_46598,train
nationalgallery_46599,train
nationalgallery_46600,train
nationalgallery_46602,test
nationalgallery_46621,test
nationalgallery_46622,train
nationalgallery_46623,train
nationalgallery_46624,train
nationalgallery_46625,train
nationalgallery_46627,val
nationalgallery_46628,val
nationalgallery_46629,train
nationalgallery_46630,train
nationalgallery_46631,test
nationalgallery_46632,test
nationalgallery_46636,train
nationalgallery_46637,val
nationalgallery_46638,train
nationalgallery_46646,train
nationalgallery_46647,val
nationalgallery_46648,train
nationalgallery_46649,train
nationalgallery_46650,train
nationalgallery_46651,train
nationalgallery_46652,train
nationalgallery_46653,train
nationalgallery_46654,train
nationalgallery_46655,train
nationalgallery_46656,test
nationalgallery_46657,train
nationalgallery_46658,train
nationalgallery_46659,train
nationalgallery_46660,train
nationalgallery_46661,val
nationalgallery_46673,train
nationalgallery_46674,train
nationalgallery_46675,train
nationalgallery_46677,train
nationalgallery_46678,train
nationalgallery_46679,train
nationalgallery_46680,train
nationalgallery_46681,train
nationalgallery_46682,train
nationalgallery_46687,test
nationalgallery_46688,train
nationalgallery_46689,train
nationalgallery_46690,train
nationalgallery_46694,train
nationalgallery_46695,train
nationalgallery_46696,train
nationalgallery_46704,train
nationalgallery_47,val
nationalgallery_47179,train
nationalgallery_47180,train
nationalgallery_47181,train
nationalgallery_47182,val
nationalgallery_47184,train
nationalgallery_48,test
nationalgallery_486,train
nationalgallery_487,train
nationalgallery_488,train
nationalgallery_49,train
nationalgallery_494,test
nationalgallery_496,train
nationalgallery_497,val
nationalgallery_498,train
nationalgallery_499,val
nationalgallery_5,test
nationalgallery_50,train
nationalgallery_501,train
nationalgallery_50217,test
nationalgallery_50219,test
nationalgallery_50220,train
nationalgallery_50246,train
nationalgallery_50249,train
nationalgallery_50252,train
nationalgallery_50255,train
nationalgallery_50256,val
nationalgallery_50257,train
nationalgallery_50259,train
nationalgallery_50260,val
nationalgallery_50261,val
nationalgallery_50263,train
nationalgallery_50280,train
nationalgallery_50281,train
nationalgallery_50291,train
nationalgallery_50292,train
nationalgallery_50293,test
nationalgallery_50295,val
nationalgallery_50298,test
nationalgallery_50299,train
nationalgallery_50300,train
nationalgallery_50301,val
nationalgallery_50302,train
nationalgallery_50305,train
nationalgallery_50309,val
nationalgallery_50310,train
nationalgallery_50311,train
nationalgallery_50312,train
nationalgallery_50313,train
nationalgallery_50314,val
nationalgallery_50315,val
nationalgallery_50317,train
nationalgallery_50318,train
nationalgallery_50319,train
nationalgallery_50320,val
nationalgallery_50321,train
nationalgallery_50322,train
nationalgallery_50323,train
nationalgallery_50324,train
nationalgallery_50325,test
nationalgallery_50326,train
nationalgallery_50327,train
nationalgallery_50328,train
nationalgallery_50329,train
nationalgallery_50330,train
nationalgallery_50331,train
nationalgallery_50332,train
nationalgallery_50333,train
nationalgallery_50334,val
nationalgallery_50335,val
nationalgallery_50336,test
nationalgallery_50337,train
nationalgallery_50338,val
nationalgallery_50339,train
nationalgallery_50340,test
nationalgallery_50341,train
nationalgallery_50342,train
nationalgallery_50343,train
nationalgallery_50344,train
nationalgallery_50345,train
nationalgallery_50346,val
nationalgallery_50348,train
nationalgallery_50349,train
nationalgallery_50350,train
nationalgallery_50351,val
nationalgallery_50352,train
nationalgallery_50353,test
nationalgallery_50354,train
nationalgallery_50355,test
nationalgallery_50356,train
nationalgallery_50357,train
nationalgallery_50358,train
nationalgallery_50359,val
nationalgallery_50360,train
nationalgallery_50362,val
nationalgallery_50363,train
nationalgallery_50364,train
nationalgallery_50365,val
nationalgallery_50366,train
nationalgallery_50367,train
nationalgallery_50368,test
nationalgallery_50369,val
nationalgallery_50370,train
nationalgallery_50371,train
nationalgallery_50372,train
nationalgallery_50373,train
nationalgallery_50374,val
nationalgallery_50375,train
nationalgallery_50376,train
nationalgallery_50377,train
nationalgallery_50379,val
nationalgallery_50380,train
nationalgallery_50381,train
nationalgallery_50382,train
nationalgallery_50383,val
nationalgallery_50384,train
nationalgallery_50385,train
nationalgallery_50386,test
nationalgallery_50387,train
nationalgallery_50388,train
nationalgallery_50389,test
nationalgallery_50390,train
nationalgallery_50391,test
nationalgallery_50392,train
nationalgallery_50393,train
nationalgallery_50394,val
nationalgallery_50396,train
nationalgallery_50397,train
nationalgallery_50398,train
nationalgallery_50399,train
nationalgallery_50400,val
nationalgallery_50401,train
nationalgallery_50402,train
nationalgallery_50403,train
nationalgallery_50404,train
nationalgallery_50405,test
nationalgallery_50406,train
nationalgallery_50407,train
nationalgallery_50408,train
nationalgallery_50409,train
nationalgallery_50410,train
nationalgallery_50411,train
nationalgallery_50412,test
nationalgallery_50413,train
nationalgallery_50414,train
nationalgallery_50415,val
nationalgallery_50416,val
nationalgallery_50417,train
nationalgallery_50418,train
nationalgallery_50420,val
nationalgallery_50421,test
nationalgallery_50422,train
nationalgallery_50423,val
nationalgallery_50424,train
nationalgallery_50425,val
nationalgallery_50426,val
nationalgallery_50427,train
nationalgallery_50428,train
nationalgallery_50429,train
nationalgallery_50430,test
nationalgallery_50431,val
nationalgallery_50432,train
nationalgallery_50433,train
nationalgallery_50434,train
nationalgallery_50435,train
nationalgallery_50436,train
nationalgallery_50437,train
nationalgallery_50438,train
nationalgallery_50439,train
nationalgallery_50440,train
nationalgallery_50441,train
nationalgallery_50442,train
nationalgallery_50443,train
nationalgallery_50444,train
nationalgallery_50445,train
nationalgallery_50446,test
nationalgallery_50449,val
nationalgallery_50451,train
nationalgallery_50452,train
nationalgallery_50453,train
nationalgallery_50454,train
nationalgallery_50455,train
nationalgallery_50456,val
nationalgallery_50457,train
nationalgallery_50458,train
nationalgallery_50459,train
nationalgallery_50460,train
nationalgallery_50461,test
nationalgallery_50462,train
nationalgallery_50463,train
nationalgallery_50464,train
nationalgallery_50465,test
nationalgallery_50466,train
nationalgallery_50467,train
nationalgallery_50469,train
nationalgallery_50470,train
nationalgallery_50471,train
nationalgallery_50472,train
nationalgallery_50473,train
nationalgallery_50474,train
nationalgallery_50475,test
nationalgallery_50478,test
nationalgallery_50480,val
nationalgallery_50481,test
nationalgallery_50483,train
nationalgallery_50484,train
nationalgallery_50485,val
nationalgallery_50487,train
nationalgallery_50488,train
nationalgallery_50489,test
nationalgallery_50491,test
nationalgallery_50492,train
nationalgallery_50493,train
nationalgallery_50494,train
nationalgallery_50496,train
nationalgallery_50497,train
nationalgallery_50498,train
nationalgallery_50499,train
nationalgallery_505,train
nationalgallery_50500,train
nationalgallery_50501,train
nationalgallery_50502,val
nationalgallery_50503,train
nationalgallery_50504,train
nationalgallery_50505,train
nationalgallery_50506,train
nationalgallery_50507,train
nationalgallery_50509,train
nationalgallery_50510,test
nationalgallery_50511,test
nationalgallery_50512,train
nationalgallery_50513,train
nationalgallery_50514,val
nationalgallery_50515,test
nationalgallery_50516,test
nationalgallery_50517,train
nationalgallery_50519,train
nationalgallery_50520,val
nationalgallery_50522,test
nationalgallery_50523,test
nationalgallery_50525,train
nationalgallery_50528,test
nationalgallery_50529,train
nationalgallery_50530,train
nationalgallery_50531,train
nationalgallery_50532,train
nationalgallery_50533,train
nationalgallery_50534,train
nationalgallery_50536,test
nationalgallery_50538,train
nationalgallery_50539,train
nationalgallery_50540,train
nationalgallery_50541,test
nationalgallery_50542,train
nationalgallery_50544,train
nationalgallery_50545,train
nationalgallery_50549,val
nationalgallery_50550,val
nationalgallery_50551,test
nationalgallery_50552,train
nationalgallery_50553,train
nationalgallery_50554,train
nationalgallery_50555,val
nationalgallery_50556,train
nationalgallery_50559,train
nationalgallery_50560,train
nationalgallery_50564,train
nationalgallery_50565,test
nationalgallery_50566,train
nationalgallery_50567,test
nationalgallery_50569,train
nationalgallery_50570,train
nationalgallery_50571,val
nationalgallery_50573,train
nationalgallery_50574,train
nationalgallery_50576,train
nationalgallery_50577,test
nationalgallery_50578,train
nationalgallery_50579,train
nationalgallery_50580,train
nationalgallery_50581,train
nationalgallery_50582,train
nationalgallery_50583,val
nationalgallery_50584,train
nationalgallery_50585,test
nationalgallery_50586,train
nationalgallery_50587,train
nationalgallery_50592,val
nationalgallery_50598,train
nationalgallery_50599,val
nationalgallery_50600,val
nationalgallery_50603,train
nationalgallery_50604,train
nationalgallery_50605,train
nationalgallery_50606,train
nationalgallery_50607,train
nationalgallery_50608,test
nationalgallery_50611,train
nationalgallery_50612,val
nationalgallery_50614,train
nationalgallery_50615,test
nationalgallery_50616,train
nationalgallery_50617,train
nationalgallery_50618,train
nationalgallery_50619,train
nationalgallery_50621,train
nationalgallery_50623,train
nationalgallery_50625,train
nationalgallery_50626,train
nationalgallery_50629,train
nationalgallery_50630,train
nationalgallery_50633,train
nationalgallery_50637,train
nationalgallery_50642,train
nationalgallery_50643,train
nationalgallery_50647,test
nationalgallery_50648,val
nationalgallery_50649,train
nationalgallery_50650,train
nationalgallery_50651,train
nationalgallery_50652,train
nationalgallery_50653,train
nationalgallery_50654,val
nationalgallery_50655,train
nationalgallery_50656,train
nationalgallery_50657,train
nationalgallery_50658,train
nationalgallery_50659,val
nationalgallery_50662,train
nationalgallery_50673,test
nationalgallery_50685,val
nationalgallery_50686,val
nationalgallery_50687,train
nationalgallery_50689,val
nationalgallery_50690,train
nationalgallery_50692,train
nationalgallery_50693,train
nationalgallery_50713,train
nationalgallery_50721,train
nationalgallery_50725,train
nationalgallery_50726,train
nationalgallery_50727,train
nationalgallery_50728,train
nationalgallery_50729,train
nationalgallery_50748,test
nationalgallery_50820,train
nationalgallery_50821,train
nationalgallery_50822,train
nationalgallery_50823,train
nationalgallery_50824,val
nationalgallery_50825,train
nationalgallery_50826,train
nationalgallery_50851,test
nationalgallery_50852,train
nationalgallery_50883,val
nationalgallery_50884,train
nationalgallery_509,train
nationalgallery_51,train
nationalgallery_51089,val
nationalgallery_51090,train
nationalgallery_51095,train
nationalgallery_51109,train
nationalgallery_51138,train
nationalgallery_51139,val
nationalgallery_51140,val
nationalgallery_51141,val
nationalgallery_51144,test
nationalgallery_515,val
nationalgallery_52085,val
nationalgallery_52146,train
nationalgallery_52156,train
nationalgallery_52157,val
nationalgallery_52158,train
nationalgallery_52159,val
nationalgallery_52160,train
nationalgallery_52161,val
nationalgallery_52163,train
nationalgallery_52164,train
nationalgallery_52165,train
nationalgallery_52166,train
nationalgallery_52167,train
nationalgallery_52169,train
nationalgallery_52177,train
nationalgallery_52178,train
nationalgallery_52179,train
nationalgallery_52180,test
nationalgallery_52181,train
nationalgallery_52182,train
nationalgallery_52185,train
nationalgallery_52186,train
nationalgallery_52187,train
nationalgallery_52188,train
nationalgallery_52189,train
nationalgallery_52190,train
nationalgallery_52191,train
nationalgallery_52192,val
nationalgallery_52193,train
nationalgallery_52194,val
nationalgallery_52195,train
nationalgallery_52197,train
nationalgallery_52198,test
nationalgallery_52199,train
nationalgallery_52200,train
nationalgallery_52201,val
nationalgallery_52202,train
nationalgallery_52203,train
nationalgallery_52204,train
nationalgallery_52205,test
nationalgallery_52207,train
nationalgallery_52208,val
nationalgallery_52209,train
nationalgallery_52210,train
nationalgallery_52211,train
nationalgallery_52212,train
nationalgallery_52213,train
nationalgallery_52214,test
nationalgallery_52215,train
nationalgallery_52216,train
nationalgallery_52217,train
nationalgallery_52218,val
nationalgallery_52219,val
nationalgallery_52220,train
nationalgallery_52221,val
nationalgallery_52222,test
nationalgallery_52223,train
nationalgallery_52225,train
nationalgallery_52226,train
nationalgallery_52227,train
nationalgallery_52228,val
nationalgallery_52229,val
nationalgallery_52234,train
nationalgallery_52235,val
nationalgallery_52236,train
nationalgallery_52237,train
nationalgallery_52238,train
nationalgallery_52239,train
nationalgallery_52240,val
nationalgallery_52241,train
nationalgallery_52242,train
nationalgallery_52243,test
nationalgallery_52244,train
nationalgallery_52245,train
nationalgallery_52246,train
nationalgallery_52247,train
nationalgallery_52251,train
nationalgallery_52254,train
nationalgallery_52255,val
nationalgallery_52256,train
nationalgallery_52258,train
nationalgallery_52260,train
nationalgallery_52261,train
nationalgallery_52262,train
nationalgallery_52263,train
nationalgallery_52264,train
nationalgallery_52265,train
nationalgallery_52266,train
nationalgallery_52267,train
nationalgallery_52269,train
nationalgallery_52275,val
nationalgallery_52276,train
nationalgallery_52279,train
nationalgallery_52375,test
nationalgallery_52387,train
nationalgallery_52388,train
nationalgallery_52389,test
nationalgallery_52397,train
nationalgallery_52444,train
nationalgallery_52446,train
nationalgallery_52450,train
nationalgallery_52451,test
nationalgallery_52452,train
nationalgallery_52453,train
nationalgallery_52457,train
nationalgallery_526,train
nationalgallery_52622,train
nationalgallery_52623,train
nationalgallery_52624,train
nationalgallery_52947,train
nationalgallery_52948,train
nationalgallery_52949,train
nationalgallery_52950,train
nationalgallery_52952,train
nationalgallery_52955,test
nationalgallery_52956,train
nationalgallery_52957,train
nationalgallery_52960,test
nationalgallery_52961,test
nationalgallery_52962,train
nationalgallery_52964,train
nationalgallery_52966,val
nationalgallery_52967,train
nationalgallery_52968,train
nationalgallery_53,train
nationalgallery_53034,train
nationalgallery_531,train
nationalgallery_53119,train
nationalgallery_53120,train
nationalgallery_53121,val
nationalgallery_53122,train
nationalgallery_53123,train
nationalgallery_53124,train
nationalgallery_53125,train
nationalgallery_53126,train
nationalgallery_53129,val
nationalgallery_53130,train
nationalgallery_53138,test
nationalgallery_53139,train
nationalgallery_53140,test
nationalgallery_53141,train
nationalgallery_53142,train
nationalgallery_53149,val
nationalgallery_53161,val
nationalgallery_532,val
nationalgallery_53376,val
nationalgallery_53528,train
nationalgallery_53529,train
nationalgallery_53530,test
nationalgallery_53531,train
nationalgallery_53532,train
nationalgallery_53579,train
nationalgallery_53585,train
nationalgallery_53595,train
nationalgallery_53813,train
nationalgallery_54,train
nationalgallery_54127,train
nationalgallery_54128,train
nationalgallery_54129,train
nationalgallery_54130,train
nationalgallery_54131,train
nationalgallery_54132,train
nationalgallery_54191,val
nationalgallery_54386,train
nationalgallery_54757,train
nationalgallery_54975,val
nationalgallery_54976,train
nationalgallery_55,val
nationalgallery_55505,train
nationalgallery_55780,train
nationalgallery_55781,test
nationalgallery_55782,val
nationalgallery_55783,test
nationalgallery_55818,train
nationalgallery_55845,train
nationalgallery_56,train
nationalgallery_56101,train
nationalgallery_56108,test
nationalgallery_56109,val
nationalgallery_56148,val
nationalgallery_56255,train
nationalgallery_56291,train
nationalgallery_563,train
nationalgallery_56570,train
nationalgallery_56571,train
nationalgallery_56572,train
nationalgallery_56573,test
nationalgallery_56574,train
nationalgallery_56597,train
nationalgallery_56598,train
nationalgallery_566,train
nationalgallery_56662,train
nationalgallery_56668,train
nationalgallery_56669,train
nationalgallery_567,val
nationalgallery_56702,train
nationalgallery_56720,train
nationalgallery_56728,train
nationalgallery_56729,test
nationalgallery_56730,val
nationalgallery_56731,val
nationalgallery_56732,train
nationalgallery_56734,train
nationalgallery_56738,train
nationalgallery_56739,train
nationalgallery_56740,train
nationalgallery_56741,val
nationalgallery_56744,train
nationalgallery_56745,val
nationalgallery_56746,train
nationalgallery_56747,train
nationalgallery_56748,train
nationalgallery_569,train
nationalgallery_56913,train
nationalgallery_56915,train
nationalgallery_57,train
nationalgallery_570,train
nationalgallery_571,val
nationalgallery_57102,train
nationalgallery_573,test
nationalgallery_57418,train
nationalgallery_57458,train
nationalgallery_57459,test
nationalgallery_57491,train
nationalgallery_57514,train
nationalgallery_57542,train
nationalgallery_576,val
nationalgallery_57611,val
nationalgallery_57651,train
nationalgallery_57652,train
nationalgallery_58,train
nationalgallery_59881,train
nationalgallery_59882,train
nationalgallery_59883,val
nationalgallery_59886,train
nationalgallery_59887,train
nationalgallery_59888,val
nationalgallery_59889,train
nationalgallery_59891,train
nationalgallery_59892,train
nationalgallery_59894,train
nationalgallery_59895,train
nationalgallery_59896,test
nationalgallery_59897,train
nationalgallery_59898,test
nationalgallery_59902,test
nationalgallery_59904,test
nationalgallery_59905,train
nationalgallery_59906,train
nationalgallery_59908,train
nationalgallery_59909,test
nationalgallery_59910,test
nationalgallery_59913,train
nationalgallery_59914,val
nationalgallery_59915,test
nationalgallery_59918,test
nationalgallery_59922,train
nationalgallery_59925,train
nationalgallery_59926,train
nationalgallery_59927,train
nationalgallery_59932,train
nationalgallery_59934,train
nationalgallery_59937,train
nationalgallery_59939,train
nationalgallery_59940,train
nationalgallery_59941,train
nationalgallery_59962,train
nationalgallery_59963,train
nationalgallery_60,val
nationalgallery_60790,train
nationalgallery_60817,train
nationalgallery_61,train
nationalgallery_61065,val
nationalgallery_61174,val
nationalgallery_61216,val
nationalgallery_61244,train
nationalgallery_61246,train
nationalgallery_61247,train
nationalgallery_61248,test
nationalgallery_61251,train
nationalgallery_61253,test
nationalgallery_61254,test
nationalgallery_61351,train
nationalgallery_61352,train
nationalgallery_61353,train
nationalgallery_61354,train
nationalgallery_61355,train
nationalgallery_61356,val
nationalgallery_61357,train
nationalgallery_61358,train
nationalgallery_61359,train
nationalgallery_61360,train
nationalgallery_61361,train
nationalgallery_61362,val
nationalgallery_61363,train
nationalgallery_61364,test
nationalgallery_61365,val
nationalgallery_61366,train
nationalgallery_61367,train
nationalgallery_61368,train
nationalgallery_61369,train
nationalgallery_61370,train
nationalgallery_61371,val
nationalgallery_61374,train
nationalgallery_61375,test
nationalgallery_61376,train
nationalgallery_61377,train
nationalgallery_61378,train
nationalgallery_61379,val
nationalgallery_61382,val
nationalgallery_61383,train
nationalgallery_61388,train
nationalgallery_61389,train
nationalgallery_61390,train
nationalgallery_61391,train
nationalgallery_61392,train
nationalgallery_61393,train
nationalgallery_61394,train
nationalgallery_61395,train
nationalgallery_61396,train
nationalgallery_61397,val
nationalgallery_61398,train
nationalgallery_62,train
nationalgallery_62293,train
nationalgallery_62294,train
nationalgallery_62295,train
nationalgallery_62296,train
nationalgallery_62638,train
nationalgallery_62640,val
nationalgallery_62641,train
nationalgallery_62968,val
nationalgallery_63,train
nationalgallery_63055,test
nationalgallery_63264,val
nationalgallery_63266,train
nationalgallery_64,val
nationalgallery_65,train
nationalgallery_65821,train
nationalgallery_65827,test
nationalgallery_65898,test
nationalgallery_66,train
nationalgallery_66250,val
nationalgallery_66399,train
nationalgallery_66400,train
nationalgallery_66401,test
nationalgallery_66402,val
nationalgallery_66404,val
nationalgallery_66405,train
nationalgallery_66406,train
nationalgallery_66407,val
nationalgallery_66408,test
nationalgallery_66409,train
nationalgallery_66413,train
nationalgallery_66414,train
nationalgallery_66416,train
nationalgallery_66417,val
nationalgallery_66418,train
nationalgallery_66419,val
nationalgallery_66420,train
nationalgallery_66421,val
nationalgallery_66425,test
nationalgallery_66426,test
nationalgallery_66427,train
nationalgallery_66428,train
nationalgallery_66429,train
nationalgallery_66430,train
nationalgallery_66431,val
nationalgallery_66432,train
nationalgallery_66433,train
nationalgallery_66434,train
nationalgallery_66436,test
nationalgallery_66437,test
nationalgallery_66439,train
nationalgallery_66440,train
nationalgallery_66441,test
nationalgallery_66765,train
nationalgallery_66775,train
nationalgallery_66776,test
nationalgallery_67,train
nationalgallery_67347,train
nationalgallery_67349,val
nationalgallery_68,train
nationalgallery_69,train
nationalgallery_69367,test
nationalgallery_69387,train
nationalgallery_69391,train
nationalgallery_69392,train
nationalgallery_69591,test
nationalgallery_69592,test
nationalgallery_70,train
nationalgallery_70970,test
nationalgallery_70987,train
nationalgallery_71,train
nationalgallery_71023,train
nationalgallery_71024,train
nationalgallery_71025,train
nationalgallery_71238,val
nationalgallery_71239,train
nationalgallery_71349,train
nationalgallery_71369,train
nationalgallery_71370,test
nationalgallery_71394,train
nationalgallery_71458,test
nationalgallery_71503,test
nationalgallery_71550,train
nationalgallery_71554,train
nationalgallery_71556,train
nationalgallery_71565,train
nationalgallery_71588,train
nationalgallery_71868,test
nationalgallery_72,train
nationalgallery_72012,train
nationalgallery_72037,train
nationalgallery_72077,train
nationalgallery_72078,train
nationalgallery_72138,train
nationalgallery_72164,train
nationalgallery_72165,test
nationalgallery_72324,train
nationalgallery_72328,val
nationalgallery_72869,train
nationalgallery_72881,train
nationalgallery_72886,train
nationalgallery_73,train
nationalgallery_73434,train
nationalgallery_73436,val
nationalgallery_73439,train
nationalgallery_73835,train
nationalgallery_74,train
nationalgallery_74796,train
nationalgallery_74820,train
nationalgallery_74990,train
nationalgallery_74991,train
nationalgallery_74992,val
nationalgallery_74993,train
nationalgallery_75023,val
nationalgallery_75030,test
nationalgallery_75164,train
nationalgallery_75181,train
nationalgallery_75206,train
nationalgallery_76206,train
nationalgallery_76207,train
nationalgallery_76208,test
nationalgallery_76210,test
nationalgallery_76211,train
nationalgallery_76213,train
nationalgallery_77,train
nationalgallery_78,train
nationalgallery_79,train
nationalgallery_79531,train
nationalgallery_79891,val
nationalgallery_79933,val
nationalgallery_8,val
nationalgallery_80,test
nationalgallery_80803,val
nationalgallery_80924,train
nationalgallery_81,test
nationalgallery_81871,train
nationalgallery_82416,train
nationalgallery_82648,train
nationalgallery_82649,val
nationalgallery_83,train
nationalgallery_83718,train
nationalgallery_83883,train
nationalgallery_84783,train
nationalgallery_86,train
nationalgallery_86204,train
nationalgallery_87,val
nationalgallery_88,train
nationalgallery_88615,train
nationalgallery_891,train
nationalgallery_892,train
nationalgallery_893,train
nationalgallery_894,test
nationalgallery_895,val
nationalgallery_89604,test
nationalgallery_89664,train
nationalgallery_89672,train
nationalgallery_89673,train
nationalgallery_89675,train
nationalgallery_89676,train
nationalgallery_89677,test
nationalgallery_89678,train
nationalgallery_89679,train
nationalgallery_89680,train
nationalgallery_89681,train
nationalgallery_89682,train
nationalgallery_89683,train
nationalgallery_89684,test
nationalgallery_89686,train
nationalgallery_89687,val
nationalgallery_9,test
nationalgallery_90,val
nationalgallery_90155,train
nationalgallery_91,train
nationalgallery_91222,train
nationalgallery_91389,train
nationalgallery_92,train
nationalgallery_92234,val
nationalgallery_92988,train
nationalgallery_92994,test
nationalgallery_92996,train
nationalgallery_92997,train
nationalgallery_92998,val
nationalgallery_92999,val
nationalgallery_93,train
nationalgallery_93000,train
nationalgallery_93044,val
nationalgallery_93045,test
nationalgallery_93046,train
nationalgallery_93047,train
nationalgallery_93323,train
nationalgallery_93665,train
nationalgallery_93667,train
nationalgallery_93668,train
nationalgallery_94743,train
nationalgallery_94902,train
nationalgallery_95,train
nationalgallery_95657,train
nationalgallery_95659,train
nationalgallery_96,val
nationalgallery_96655,train
nationalgallery_96688,train
nationalgallery_96999,train
nationalgallery_97,train
nationalgallery_97063,val
nationalgallery_97663,train
nationalgallery_98,train
nationalgallery_98290,train
nationalgallery_985,test
nationalgallery_98647,test
nationalgallery_98872,train
nationalgallery_99,train
nationalgallery_991,train
nationalgallery_99280,train
nationalgallery_993,train
rijksmuseum_200100988,train
rijksmuseum_200105887,test
rijksmuseum_200105889,train
rijksmuseum_200105901,train
rijksmuseum_200105903,train
rijksmuseum_200105905,train
rijksmuseum_200106038,train
rijksmuseum_200106077,train
rijksmuseum_200106078,val
rijksmuseum_200106079,train
rijksmuseum_200106080,train
rijksmuseum_200106086,train
rijksmuseum_200106799,train
rijksmuseum_200106839,train
rijksmuseum_200106864,train
rijksmuseum_200106865,test
rijksmuseum_200107007,train
rijksmuseum_200107756,train
rijksmuseum_200107761,train
rijksmuseum_200107762,train
rijksmuseum_200107763,train
rijksmuseum_200107764,train
rijksmuseum_200107770,train
rijksmuseum_200107773,val
rijksmuseum_200107774,test
rijksmuseum_200107776,val
rijksmuseum_200107779,train
rijksmuseum_200107780,train
rijksmuseum_200107781,val
rijksmuseum_200107782,test
rijksmuseum_200107790,val
rijksmuseum_200107792,train
rijksmuseum_200107793,train
rijksmuseum_200107794,test
rijksmuseum_200107795,test
rijksmuseum_200107796,train
rijksmuseum_200107797,train
rijksmuseum_200107798,train
rijksmuseum_200107810,val
rijksmuseum_200107811,val
rijksmuseum_200107812,train
rijksmuseum_200107815,test
rijksmuseum_200107816,train
rijksmuseum_200107817,train
rijksmuseum_200107818,train
rijksmuseum_200107819,train
rijksmuseum_200107820,train
rijksmuseum_200107821,train
rijksmuseum_200107822,test
rijksmuseum_200107823,val
rijksmuseum_200107824,test
rijksmuseum_200107825,train
rijksmuseum_200107827,train
rijksmuseum_200107828,train
rijksmuseum_200107829,train
rijksmuseum_200107832,test
rijksmuseum_200107833,train
rijksmuseum_200107834,train
rijksmuseum_200107841,train
rijksmuseum_200107844,test
rijksmuseum_200107845,test
rijksmuseum_200107846,test
rijksmuseum_200107852,val
rijksmuseum_200107860,train
rijksmuseum_200107865,train
rijksmuseum_200107867,test
rijksmuseum_200107873,train
rijksmuseum_200107874,train
rijksmuseum_200107875,train
rijksmuseum_200107876,test
rijksmuseum_200107879,train
rijksmuseum_200107880,train
rijksmuseum_200107882,val
rijksmuseum_200107883,train
rijksmuseum_200107884,train
rijksmuseum_200107885,val
rijksmuseum_200107886,train
rijksmuseum_200107887,val
rijksmuseum_200107888,val
rijksmuseum_200107889,train
rijksmuseum_200107890,train
rijksmuseum_200107891,test
rijksmuseum_200107930,train
rijksmuseum_200107931,test
rijksmuseum_200107933,train
rijksmuseum_200107935,train
rijksmuseum_200107936,train
rijksmuseum_200107937,train
rijksmuseum_200107939,train
rijksmuseum_200107940,train
rijksmuseum_200107941,test
rijksmuseum_200107943,train
rijksmuseum_200107945,val
rijksmuseum_200107946,train
rijksmuseum_200107947,val
rijksmuseum_200107948,test
rijksmuseum_200107949,test
rijksmuseum_200107950,train
rijksmuseum_200107951,test
rijksmuseum_200107952,train
rijksmuseum_200107953,val
rijksmuseum_200107954,test
rijksmuseum_200107955,train
rijksmuseum_200107958,val
rijksmuseum_200107959,train
rijksmuseum_200107960,train
rijksmuseum_200107963,val
rijksmuseum_200107964,train
rijksmuseum_200107965,train
rijksmuseum_200107966,train
rijksmuseum_200107967,train
rijksmuseum_200107968,test
rijksmuseum_200107969,train
rijksmuseum_200107971,train
rijksmuseum_200107972,train
rijksmuseum_200107974,train
rijksmuseum_200107975,train
rijksmuseum_200107976,train
rijksmuseum_200107977,train
rijksmuseum_200107978,train
rijksmuseum_200107979,test
rijksmuseum_200107980,test
rijksmuseum_200107984,val
rijksmuseum_200107985,val
rijksmuseum_200107986,train
rijksmuseum_200107987,train
rijksmuseum_200107988,train
rijksmuseum_200107989,train
rijksmuseum_200107990,test
rijksmuseum_200107991,train
rijksmuseum_200107992,test
rijksmuseum_200107993,train
rijksmuseum_200107994,train
rijksmuseum_200107997,train
rijksmuseum_200107998,train
rijksmuseum_200107999,train
rijksmuseum_200108000,test
rijksmuseum_200108001,train
rijksmuseum_200108002,train
rijksmuseum_200108003,train
rijksmuseum_200108004,test
rijksmuseum_200108006,train
rijksmuseum_200108007,train
rijksmuseum_200108008,train
rijksmuseum_200108010,train
rijksmuseum_200108011,val
rijksmuseum_200108012,test
rijksmuseum_200108013,test
rijksmuseum_200108015,train
rijksmuseum_200108016,train
rijksmuseum_200108017,train
rijksmuseum_200108018,train
rijksmuseum_200108020,train
rijksmuseum_200108021,train
rijksmuseum_200108022,val
rijksmuseum_200108023,train
rijksmuseum_200108024,test
rijksmuseum_200108026,val
rijksmuseum_200108027,test
rijksmuseum_200108028,train
rijksmuseum_200108029,train
rijksmuseum_200108030,train
rijksmuseum_200108031,train
rijksmuseum_200108032,train
rijksmuseum_200108033,train
rijksmuseum_200108034,train
rijksmuseum_200108035,train
rijksmuseum_200108036,train
rijksmuseum_200108037,train
rijksmuseum_200108038,test
rijksmuseum_200108039,val
rijksmuseum_200108040,val
rijksmuseum_200108041,test
rijksmuseum_200108042,train
rijksmuseum_200108043,train
rijksmuseum_200108044,train
rijksmuseum_200108045,train
rijksmuseum_200108046,train
rijksmuseum_200108047,train
rijksmuseum_200108048,train
rijksmuseum_200108049,train
rijksmuseum_200108050,train
rijksmuseum_200108051,val
rijksmuseum_200108052,train
rijksmuseum_200108053,train
rijksmuseum_200108054,train
rijksmuseum_200108055,train
rijksmuseum_200108056,val
rijksmuseum_200108057,test
rijksmuseum_200108058,train
rijksmuseum_200108059,train
rijksmuseum_200108060,train
rijksmuseum_200108061,train
rijksmuseum_200108062,train
rijksmuseum_200108063,train
rijksmuseum_200108064,train
rijksmuseum_200108065,train
rijksmuseum_200108066,train
rijksmuseum_200108067,val
rijksmuseum_200108068,train
rijksmuseum_200108069,train
rijksmuseum_200108070,train
rijksmuseum_200108071,train
rijksmuseum_200108072,train
rijksmuseum_200108073,test
rijksmuseum_200108074,test
rijksmuseum_200108075,train
rijksmuseum_200108076,train
rijksmuseum_200108077,train
rijksmuseum_200108078,train
rijksmuseum_200108079,test
rijksmuseum_200108080,train
rijksmuseum_200108081,test
rijksmuseum_200108082,test
rijksmuseum_200108083,train
rijksmuseum_200108084,val
rijksmuseum_200108085,test
rijksmuseum_200108086,test
rijksmuseum_200108087,train
rijksmuseum_200108088,val
rijksmuseum_200108089,train
rijksmuseum_200108090,train
rijksmuseum_200108122,train
rijksmuseum_200108123,val
rijksmuseum_200108126,train
rijksmuseum_200108128,train
rijksmuseum_200108131,train
rijksmuseum_200108134,train
rijksmuseum_200108135,train
rijksmuseum_200108136,val
rijksmuseum_200108137,train
rijksmuseum_200108138,val
rijksmuseum_200108139,train
rijksmuseum_200108141,train
rijksmuseum_200108142,train
rijksmuseum_200108144,train
rijksmuseum_200108145,test
rijksmuseum_200108146,val
rijksmuseum_200108147,train
rijksmuseum_200108148,test
rijksmuseum_200108149,train
rijksmuseum_200108150,train
rijksmuseum_200108151,val
rijksmuseum_200108152,val
rijksmuseum_200108153,train
rijksmuseum_200108154,train
rijksmuseum_200108156,train
rijksmuseum_200108157,val
rijksmuseum_200108158,train
rijksmuseum_200108160,val
rijksmuseum_200108161,train
rijksmuseum_200108162,test
rijksmuseum_200108163,train
rijksmuseum_200108164,val
rijksmuseum_200108165,val
rijksmuseum_200108167,test
rijksmuseum_200108170,train
rijksmuseum_200108171,train
rijksmuseum_200108173,val
rijksmuseum_200108174,train
rijksmuseum_200108176,train
rijksmuseum_200108179,test
rijksmuseum_200108180,train
rijksmuseum_200108181,test
rijksmuseum_200108183,train
rijksmuseum_200108184,test
rijksmuseum_200108185,train
rijksmuseum_200108189,train
rijksmuseum_200108190,train
rijksmuseum_200108195,train
rijksmuseum_200108196,train
rijksmuseum_200108197,val
rijksmuseum_200108202,train
rijksmuseum_200108204,train
rijksmuseum_200108205,train
rijksmuseum_200108208,test
rijksmuseum_200108209,train
rijksmuseum_200108210,train
rijksmuseum_200108212,val
rijksmuseum_200108214,train
rijksmuseum_200108215,train
rijksmuseum_200108216,train
rijksmuseum_200108217,val
rijksmuseum_200108218,train
rijksmuseum_200108219,train
rijksmuseum_200108222,val
rijksmuseum_200108223,train
rijksmuseum_200108224,test
rijksmuseum_200108225,train
rijksmuseum_200108226,train
rijksmuseum_200108227,val
rijksmuseum_200108228,train
rijksmuseum_200108230,train
rijksmuseum_200108233,test
rijksmuseum_200108234,train
rijksmuseum_200108235,train
rijksmuseum_200108236,train
rijksmuseum_200108238,train
rijksmuseum_200108239,train
rijksmuseum_200108240,val
rijksmuseum_200108245,train
rijksmuseum_200108246,val
rijksmuseum_200108247,train
rijksmuseum_200108250,val
rijksmuseum_200108251,train
rijksmuseum_200108252,train
rijksmuseum_200108253,train
rijksmuseum_200108254,test
rijksmuseum_200108255,val
rijksmuseum_200108257,train
rijksmuseum_200108261,test
rijksmuseum_200108262,val
rijksmuseum_200108263,train
rijksmuseum_200108271,train
rijksmuseum_200108273,test
rijksmuseum_200108274,train
rijksmuseum_200108276,train
rijksmuseum_200108277,val
rijksmuseum_200108278,train
rijksmuseum_200108279,train
rijksmuseum_200108284,val
rijksmuseum_200108285,train
rijksmuseum_200108286,train
rijksmuseum_200108287,train
rijksmuseum_200108288,val
rijksmuseum_200108289,train
rijksmuseum_200108290,val
rijksmuseum_200108291,val
rijksmuseum_200108292,train
rijksmuseum_200108293,train
rijksmuseum_200108294,train
rijksmuseum_200108296,test
rijksmuseum_200108298,train
rijksmuseum_200108299,train
rijksmuseum_200108300,train
rijksmuseum_200108301,train
rijksmuseum_200108302,train
rijksmuseum_200108304,train
rijksmuseum_200108306,train
rijksmuseum_200108307,test
rijksmuseum_200108308,test
rijksmuseum_200108309,train
rijksmuseum_200108310,train
rijksmuseum_200108311,train
rijksmuseum_200108312,train
rijksmuseum_200108313,train
rijksmuseum_200108316,train
rijksmuseum_200108318,test
rijksmuseum_200108319,train
rijksmuseum_200108320,val
rijksmuseum_200108351,test
rijksmuseum_200108352,train
rijksmuseum_200108353,train
rijksmuseum_200108354,train
rijksmuseum_200108355,val
rijksmuseum_200108356,train
rijksmuseum_200108357,train
rijksmuseum_200108358,val
rijksmuseum_200108359,train
rijksmuseum_200108360,val
rijksmuseum_200108361,train
rijksmuseum_200108365,train
rijksmuseum_200108366,train
rijksmuseum_200108367,val
rijksmuseum_200108368,train
rijksmuseum_200108370,train
rijksmuseum_200108371,train
rijksmuseum_200108372,train
rijksmuseum_200108373,test
rijksmuseum_200108374,train
rijksmuseum_200108376,train
rijksmuseum_200108380,train
rijksmuseum_200108381,train
rijksmuseum_200108382,train
rijksmuseum_200108384,train
rijksmuseum_200108385,train
rijksmuseum_200108386,train
rijksmuseum_200108389,train
rijksmuseum_200108390,train
rijksmuseum_200108391,test
rijksmuseum_200108392,val
rijksmuseum_200108393,test
rijksmuseum_200108394,train
rijksmuseum_200108395,test
rijksmuseum_200108396,train
rijksmuseum_200108397,train
rijksmuseum_200108398,val
rijksmuseum_200108400,train
rijksmuseum_200108401,train
rijksmuseum_200108402,val
rijksmuseum_200108403,train
rijksmuseum_200108404,train
rijksmuseum_200108405,train
rijksmuseum_200108406,val
rijksmuseum_200108407,train
rijksmuseum_200108408,train
rijksmuseum_200108409,val
rijksmuseum_200108410,train
rijksmuseum_200108411,train
rijksmuseum_200108412,val
rijksmuseum_200108413,train
rijksmuseum_200108415,val
rijksmuseum_200108416,train
rijksmuseum_200108419,train
rijksmuseum_200108420,train
rijksmuseum_200108423,train
rijksmuseum_200108427,train
rijksmuseum_200108429,test
rijksmuseum_200108431,val
rijksmuseum_200108432,train
rijksmuseum_200108433,train
rijksmuseum_200108436,train
rijksmuseum_200108439,train
rijksmuseum_200108441,train
rijksmuseum_200108442,train
rijksmuseum_200108443,train
rijksmuseum_200108444,val
rijksmuseum_200108445,train
rijksmuseum_200108450,test
rijksmuseum_200108453,test
rijksmuseum_200108470,train
rijksmuseum_200108472,train
rijksmuseum_200108473,train
rijksmuseum_200108474,train
rijksmuseum_200108475,val
rijksmuseum_200108476,train
rijksmuseum_200108478,train
rijksmuseum_200108479,train
rijksmuseum_200108480,train
rijksmuseum_200108482,train
rijksmuseum_200108484,test
rijksmuseum_200108485,train
rijksmuseum_200108487,val
rijksmuseum_200108489,train
rijksmuseum_200108490,val
rijksmuseum_200108491,train
rijksmuseum_200108492,train
rijksmuseum_200108502,test
rijksmuseum_200108503,train
rijksmuseum_200108504,train
rijksmuseum_200108505,train
rijksmuseum_200108506,train
rijksmuseum_200108507,train
rijksmuseum_200108508,train
rijksmuseum_200108509,test
rijksmuseum_200108510,test
rijksmuseum_200108511,test
rijksmuseum_200108512,train
rijksmuseum_200108513,val
rijksmuseum_200108514,train
rijksmuseum_200108516,train
rijksmuseum_200108518,val
rijksmuseum_200108520,train
rijksmuseum_200108521,test
rijksmuseum_200108522,test
rijksmuseum_200108523,train
rijksmuseum_200108524,train
rijksmuseum_200108526,train
rijksmuseum_200108528,val
rijksmuseum_200108568,test
rijksmuseum_200108572,train
rijksmuseum_200108576,train
rijksmuseum_200108577,val
rijksmuseum_200108580,train
rijksmuseum_200108583,train
rijksmuseum_200108585,train
rijksmuseum_200108586,test
rijksmuseum_200108587,train
rijksmuseum_200108599,train
rijksmuseum_200108602,train
rijksmuseum_200108603,train
rijksmuseum_200108604,train
rijksmuseum_200108606,test
rijksmuseum_200108607,val
rijksmuseum_200108608,val
rijksmuseum_200108609,train
rijksmuseum_200108610,val
rijksmuseum_200108619,val
rijksmuseum_200108620,train
rijksmuseum_200108621,train
rijksmuseum_200108622,train
rijksmuseum_200108636,test
rijksmuseum_200108638,train
rijksmuseum_200108640,train
rijksmuseum_200108644,train
rijksmuseum_200108645,train
rijksmuseum_200108648,train
rijksmuseum_200108656,train
rijksmuseum_200108657,val
rijksmuseum_200108660,train
rijksmuseum_200108667,val
rijksmuseum_200108670,train
rijksmuseum_200108671,train
rijksmuseum_200108672,train
rijksmuseum_200108673,test
rijksmuseum_200108674,train
rijksmuseum_200108675,train
rijksmuseum_200108685,val
rijksmuseum_200108686,test
rijksmuseum_200108687,train
rijksmuseum_200108688,val
rijksmuseum_200108695,val
rijksmuseum_200108705,test
rijksmuseum_200108706,train
rijksmuseum_200108732,train
rijksmuseum_200108735,train
rijksmuseum_200108736,train
rijksmuseum_200108740,test
rijksmuseum_200108741,test
rijksmuseum_200108743,train
rijksmuseum_200108747,train
rijksmuseum_200108748,train
rijksmuseum_200108749,train
rijksmuseum_200108750,train
rijksmuseum_200108795,test
rijksmuseum_200108796,test
rijksmuseum_200108802,train
rijksmuseum_200108803,train
rijksmuseum_200108805,train
rijksmuseum_200108806,train
rijksmuseum_200108809,train
rijksmuseum_200108811,test
rijksmuseum_200108812,train
rijksmuseum_200108816,train
rijksmuseum_200108819,val
rijksmuseum_200108822,test
rijksmuseum_200108825,val
rijksmuseum_200108827,train
rijksmuseum_200108840,train
rijksmuseum_200108841,train
rijksmuseum_200108842,train
rijksmuseum_200108843,train
rijksmuseum_200108848,train
rijksmuseum_200108854,train
rijksmuseum_200108871,train
rijksmuseum_200108872,train
rijksmuseum_200108873,train
rijksmuseum_200108874,train
rijksmuseum_200108875,train
rijksmuseum_200108876,train
rijksmuseum_200108883,train
rijksmuseum_200108885,test
rijksmuseum_200108886,train
rijksmuseum_200108888,train
rijksmuseum_200108893,train
rijksmuseum_200108896,train
rijksmuseum_200108899,val
rijksmuseum_200108900,train
rijksmuseum_200108901,train
rijksmuseum_200108902,train
rijksmuseum_200108903,train
rijksmuseum_200108904,train
rijksmuseum_200108905,val
rijksmuseum_200108920,train
rijksmuseum_200108930,train
rijksmuseum_200108932,train
rijksmuseum_200108933,test
rijksmuseum_200108934,val
rijksmuseum_200108935,train
rijksmuseum_200108936,train
rijksmuseum_200108938,test
rijksmuseum_200108944,val
rijksmuseum_200108947,train
rijksmuseum_200108949,train
rijksmuseum_200108951,train
rijksmuseum_200108953,train
rijksmuseum_200108954,train
rijksmuseum_200108956,test
rijksmuseum_200108967,train
rijksmuseum_200108968,val
rijksmuseum_200108969,val
rijksmuseum_200108971,train
rijksmuseum_200108991,train
rijksmuseum_200109014,test
rijksmuseum_200109034,train
rijksmuseum_200109035,test
rijksmuseum_200109037,val
rijksmuseum_200109039,train
rijksmuseum_200109040,val
rijksmuseum_200109041,train
rijksmuseum_200109065,train
rijksmuseum_200109066,val
rijksmuseum_200109069,test
rijksmuseum_200109073,train
rijksmuseum_200109074,test
rijksmuseum_200109167,train
rijksmuseum_200109168,train
rijksmuseum_200109172,train
rijksmuseum_200109173,train
rijksmuseum_200109174,train
rijksmuseum_200109175,test
rijksmuseum_200109176,train
rijksmuseum_200109177,train
rijksmuseum_200109178,train
rijksmuseum_200109179,train
rijksmuseum_200109180,train
rijksmuseum_200109182,train
rijksmuseum_200109183,train
rijksmuseum_200109184,train
rijksmuseum_200109186,train
rijksmuseum_200109187,val
rijksmuseum_200109188,train
rijksmuseum_200109189,train
rijksmuseum_200109190,test
rijksmuseum_200109191,train
rijksmuseum_200109192,train
rijksmuseum_200109193,train
rijksmuseum_200109194,train
rijksmuseum_200109195,train
rijksmuseum_200109197,train
rijksmuseum_200109198,train
rijksmuseum_200109199,val
rijksmuseum_200109200,train
rijksmuseum_200109201,train
rijksmuseum_200109203,train
rijksmuseum_200109204,train
rijksmuseum_200109205,train
rijksmuseum_200109206,train
rijksmuseum_200109255,train
rijksmuseum_200109256,train
rijksmuseum_200109258,test
rijksmuseum_200109259,test
rijksmuseum_200109260,train
rijksmuseum_200109261,train
rijksmuseum_200109262,train
rijksmuseum_200109263,train
rijksmuseum_200109264,train
rijksmuseum_200109265,val
rijksmuseum_200109267,train
rijksmuseum_200109269,test
rijksmuseum_200109270,val
rijksmuseum_200109273,train
rijksmuseum_200109274,test
rijksmuseum_200109275,train
rijksmuseum_200109276,train
rijksmuseum_200109278,test
rijksmuseum_200109279,train
rijksmuseum_200109282,val
rijksmuseum_200109285,train
rijksmuseum_200109286,test
rijksmuseum_200109287,train
rijksmuseum_200109288,train
rijksmuseum_200109289,train
rijksmuseum_200109290,val
rijksmuseum_200109293,train
rijksmuseum_200109295,train
rijksmuseum_200109296,train
rijksmuseum_200109297,train
rijksmuseum_200109298,train
rijksmuseum_200109299,train
rijksmuseum_200109300,train
rijksmuseum_200109301,test
rijksmuseum_200109302,train
rijksmuseum_200109303,train
rijksmuseum_200109305,test
rijksmuseum_200109306,test
rijksmuseum_200109307,val
rijksmuseum_200109330,train
rijksmuseum_200109331,train
rijksmuseum_200109332,train
rijksmuseum_200109334,test
rijksmuseum_200109335,test
rijksmuseum_200109336,train
rijksmuseum_200109337,train
rijksmuseum_200109338,train
rijksmuseum_200109342,train
rijksmuseum_200109344,train
rijksmuseum_200109345,test
rijksmuseum_200109349,val
rijksmuseum_200109351,test
rijksmuseum_200109352,train
rijksmuseum_200109353,train
rijksmuseum_200109355,train
rijksmuseum_200109356,test
rijksmuseum_200109357,train
rijksmuseum_200109358,train
rijksmuseum_200109359,train
rijksmuseum_200109360,train
rijksmuseum_200109361,train
rijksmuseum_200109362,test
rijksmuseum_200109365,train
rijksmuseum_200109367,train
rijksmuseum_200109368,train
rijksmuseum_200109369,test
rijksmuseum_200109371,train
rijksmuseum_200109372,train
rijksmuseum_200109373,train
rijksmuseum_200109374,train
rijksmuseum_200109376,train
rijksmuseum_200109382,train
rijksmuseum_200109383,train
rijksmuseum_200109384,train
rijksmuseum_200109385,train
rijksmuseum_200109387,val
rijksmuseum_200109389,train
rijksmuseum_200109390,train
rijksmuseum_200109392,train
rijksmuseum_200109394,test
rijksmuseum_200109395,train
rijksmuseum_200109396,train
rijksmuseum_200109397,train
rijksmuseum_200109398,val
rijksmuseum_200109399,train
rijksmuseum_200109400,train
rijksmuseum_200109401,val
rijksmuseum_200109402,test
rijksmuseum_200109404,train
rijksmuseum_200109406,train
rijksmuseum_200109407,test
rijksmuseum_200109408,train
rijksmuseum_200109410,train
rijksmuseum_200109411,val
rijksmuseum_200109412,train
rijksmuseum_200109414,train
rijksmuseum_200109415,train
rijksmuseum_200109419,test
rijksmuseum_200109421,train
rijksmuseum_200109422,train
rijksmuseum_200109423,train
rijksmuseum_200109424,train
rijksmuseum_200109425,train
rijksmuseum_200109427,train
rijksmuseum_200109428,train
rijksmuseum_200109429,val
rijksmuseum_200109430,train
rijksmuseum_200109431,test
rijksmuseum_200109432,train
rijksmuseum_200109433,train
rijksmuseum_200109434,train
rijksmuseum_200109435,val
rijksmuseum_200109436,val
rijksmuseum_200109437,train
rijksmuseum_200109439,val
rijksmuseum_200109441,train
rijksmuseum_200109442,test
rijksmuseum_200109443,val
rijksmuseum_200109444,val
rijksmuseum_200109445,test
rijksmuseum_200109446,train
rijksmuseum_200109447,val
rijksmuseum_200109448,train
rijksmuseum_200109449,test
rijksmuseum_200109450,train
rijksmuseum_200109454,train
rijksmuseum_200109455,train
rijksmuseum_200109456,train
rijksmuseum_200109457,val
rijksmuseum_200109458,train
rijksmuseum_200109460,test
rijksmuseum_200109461,train
rijksmuseum_200109462,train
rijksmuseum_200109463,train
rijksmuseum_200109465,val
rijksmuseum_200109467,train
rijksmuseum_200109469,train
rijksmuseum_200109471,train
rijksmuseum_200109472,train
rijksmuseum_200109473,test
rijksmuseum_200109476,train
rijksmuseum_200109477,train
rijksmuseum_200109478,train
rijksmuseum_200109479,train
rijksmuseum_200109480,train
rijksmuseum_200109481,test
rijksmuseum_200109482,train
rijksmuseum_200109484,train
rijksmuseum_200109485,val
rijksmuseum_200109489,train
rijksmuseum_200109490,train
rijksmuseum_200109491,val
rijksmuseum_200109654,train
rijksmuseum_200109660,test
rijksmuseum_200109670,test
rijksmuseum_200109671,train
rijksmuseum_200109683,test
rijksmuseum_200109686,test
rijksmuseum_200109690,test
rijksmuseum_200109696,train
rijksmuseum_200109707,train
rijksmuseum_200109708,test
rijksmuseum_200109711,train
rijksmuseum_200109724,train
rijksmuseum_200109725,test
rijksmuseum_200109727,val
rijksmuseum_200109728,val
rijksmuseum_200109729,test
rijksmuseum_200109730,train
rijksmuseum_200109780,val
rijksmuseum_200109781,val
rijksmuseum_200109782,train
rijksmuseum_200109785,train
rijksmuseum_200109786,test
rijksmuseum_200109787,train
rijksmuseum_200109791,val
rijksmuseum_200109792,train
rijksmuseum_200109793,test
rijksmuseum_200109794,val
rijksmuseum_200109795,val
rijksmuseum_200109797,train
rijksmuseum_200109798,train
rijksmuseum_200109799,train
rijksmuseum_200109802,train
rijksmuseum_200109805,val
rijksmuseum_200109806,test
rijksmuseum_200109813,val
rijksmuseum_200109814,train
rijksmuseum_200109815,test
rijksmuseum_200109818,train
rijksmuseum_200109820,train
rijksmuseum_200109821,train
rijksmuseum_200109824,train
rijksmuseum_200109834,train
rijksmuseum_200109840,train
rijksmuseum_200109843,train
rijksmuseum_200109949,train
rijksmuseum_200109979,train
rijksmuseum_200109980,train
rijksmuseum_200109981,train
rijksmuseum_200109982,train
rijksmuseum_200109987,train
rijksmuseum_200110437,val
rijksmuseum_200110465,test
rijksmuseum_200110466,train
rijksmuseum_200110473,train
rijksmuseum_200110474,train
rijksmuseum_200110477,train
rijksmuseum_200110478,train
rijksmuseum_200110479,test
rijksmuseum_200110480,test
rijksmuseum_200110481,train
rijksmuseum_200110484,train
rijksmuseum_200110485,train
rijksmuseum_200110486,train
rijksmuseum_200110487,val
rijksmuseum_200110490,train
rijksmuseum_200110491,train
rijksmuseum_200110492,train
rijksmuseum_200110493,train
rijksmuseum_200110495,train
rijksmuseum_200110497,train
rijksmuseum_200110499,train
rijksmuseum_200110508,test
rijksmuseum_200110515,train
rijksmuseum_200110516,train
rijksmuseum_200110517,train
rijksmuseum_200110518,train
rijksmuseum_200110519,train
rijksmuseum_200110520,train
rijksmuseum_200110521,train
rijksmuseum_200110522,train
rijksmuseum_200110523,train
rijksmuseum_200110525,train
rijksmuseum_200110527,train
rijksmuseum_200110528,train
rijksmuseum_200110531,train
rijksmuseum_200110532,train
rijksmuseum_200110533,train
rijksmuseum_200110534,train
rijksmuseum_200110535,train
rijksmuseum_200110536,train
rijksmuseum_200110537,train
rijksmuseum_200110541,train
rijksmuseum_200110544,train
rijksmuseum_200110546,train
rijksmuseum_200110547,train
rijksmuseum_200110551,train
rijksmuseum_200110553,val
rijksmuseum_200110557,test
rijksmuseum_200110561,train
rijksmuseum_200110635,train
rijksmuseum_200110637,train
rijksmuseum_200110643,train
rijksmuseum_200110644,train
rijksmuseum_200110645,test
rijksmuseum_200110729,val
rijksmuseum_200110737,train
rijksmuseum_200110752,train
rijksmuseum_200110753,val
rijksmuseum_200110883,test
rijksmuseum_200110888,val
rijksmuseum_200111712,train
rijksmuseum_200111714,train
rijksmuseum_200111741,val
rijksmuseum_200111788,train
rijksmuseum_200111810,train
rijksmuseum_200111811,train
rijksmuseum_200111812,train
rijksmuseum_200111814,test
rijksmuseum_200111815,train
rijksmuseum_200111816,train
rijksmuseum_200111817,train
rijksmuseum_200111818,train
rijksmuseum_200111819,train
rijksmuseum_200111820,train
rijksmuseum_200111822,train
rijksmuseum_200111823,test
rijksmuseum_200111824,train
rijksmuseum_200111828,train
rijksmuseum_200111829,val
rijksmuseum_200111830,train
rijksmuseum_200111832,train
rijksmuseum_200111833,val
rijksmuseum_200111834,train
rijksmuseum_200111835,train
rijksmuseum_200111837,val
rijksmuseum_200111838,val
rijksmuseum_200111839,val
rijksmuseum_200111840,train
rijksmuseum_200111843,train
rijksmuseum_200111844,train
rijksmuseum_200111845,val
rijksmuseum_200111846,train
rijksmuseum_200111847,train
rijksmuseum_200113563,test
rijksmuseum_20011408,train
rijksmuseum_20011414,val
rijksmuseum_200114140,test
rijksmuseum_20011418,val
rijksmuseum_20011420,val
rijksmuseum_20011421,train
rijksmuseum_20011422,train
rijksmuseum_2001215,train
rijksmuseum_2001216,train
rijksmuseum_2001217,test
rijksmuseum_2001223,val
rijksmuseum_20012365,train
rijksmuseum_2001262,train
rijksmuseum_2001263,train
rijksmuseum_2001264,val
rijksmuseum_20012763,train
rijksmuseum_2001282,test
rijksmuseum_20012998,train
rijksmuseum_20012999,train
rijksmuseum_20013048,train
rijksmuseum_20013270,train
rijksmuseum_20013275,train
rijksmuseum_20013286,test
rijksmuseum_20013287,test
rijksmuseum_20013605,train
rijksmuseum_20013609,test
rijksmuseum_20013639,train
rijksmuseum_20013715,train
rijksmuseum_20013751,test
rijksmuseum_200139021,test
rijksmuseum_20013913,train
rijksmuseum_20014005,train
rijksmuseum_20014007,train
rijksmuseum_20014014,train
rijksmuseum_200145465,train
rijksmuseum_200146262,train
rijksmuseum_20015028,test
rijksmuseum_20015029,train
rijksmuseum_20015030,train
rijksmuseum_20015053,test
rijksmuseum_20015638,train
rijksmuseum_20015815,train
rijksmuseum_20015845,train
rijksmuseum_20015849,train
rijksmuseum_20015850,val
rijksmuseum_20015851,train
rijksmuseum_20015852,train
rijksmuseum_20015853,train
rijksmuseum_20015854,train
rijksmuseum_20015855,train
rijksmuseum_20015857,train
rijksmuseum_20015858,train
rijksmuseum_20015859,train
rijksmuseum_20015860,train
rijksmuseum_20015861,train
rijksmuseum_20015862,train
rijksmuseum_20015863,test
rijksmuseum_20015864,train
rijksmuseum_20015865,val
rijksmuseum_20015866,train
rijksmuseum_20015867,train
rijksmuseum_20015868,train
rijksmuseum_20015869,train
rijksmuseum_20015870,train
rijksmuseum_20015871,train
rijksmuseum_20015872,test
rijksmuseum_20015873,train
rijksmuseum_20015874,test
rijksmuseum_20015875,train
rijksmuseum_20015876,val
rijksmuseum_20015877,test
rijksmuseum_20015878,train
rijksmuseum_20015879,train
rijksmuseum_20015880,train
rijksmuseum_20015881,train
rijksmuseum_20015882,test
rijksmuseum_20015883,train
rijksmuseum_20015884,train
rijksmuseum_20015885,test
rijksmuseum_20015886,val
rijksmuseum_20015887,train
rijksmuseum_20015888,test
rijksmuseum_20015889,train
rijksmuseum_20015890,train
rijksmuseum_20015891,train
rijksmuseum_20015892,test
rijksmuseum_20015895,train
rijksmuseum_20015897,train
rijksmuseum_20015898,train
rijksmuseum_20015899,test
rijksmuseum_20015900,val
rijksmuseum_20015902,train
rijksmuseum_20015903,train
rijksmuseum_20015906,val
rijksmuseum_20015908,train
rijksmuseum_20015909,train
rijksmuseum_20015910,train
rijksmuseum_20015911,train
rijksmuseum_20015912,train
rijksmuseum_20015913,val
rijksmuseum_20015914,train
rijksmuseum_20015915,val
rijksmuseum_20015916,train
rijksmuseum_20015917,train
rijksmuseum_20015918,val
rijksmuseum_20015919,test
rijksmuseum_20015920,train
rijksmuseum_20015923,train
rijksmuseum_20015924,val
rijksmuseum_20015925,train
rijksmuseum_20015926,train
rijksmuseum_20015927,test
rijksmuseum_20015928,train
rijksmuseum_20015929,train
rijksmuseum_20015930,val
rijksmuseum_20015931,val
rijksmuseum_20015932,val
rijksmuseum_20015933,train
rijksmuseum_20015934,train
rijksmuseum_20015935,train
rijksmuseum_20015936,train
rijksmuseum_20015937,train
rijksmuseum_20015938,train
rijksmuseum_20015939,train
rijksmuseum_20015940,train
rijksmuseum_20015941,train
rijksmuseum_20015943,val
rijksmuseum_20015944,test
rijksmuseum_20015945,val
rijksmuseum_20015946,train
rijksmuseum_20015947,train
rijksmuseum_20015948,train
rijksmuseum_20015949,val
rijksmuseum_20015951,train
rijksmuseum_20015954,val
rijksmuseum_20015955,train
rijksmuseum_20015956,val
rijksmuseum_20015957,train
rijksmuseum_20015958,train
rijksmuseum_20015959,train
rijksmuseum_20015960,train
rijksmuseum_20015961,train
rijksmuseum_20015962,test
rijksmuseum_20015965,train
rijksmuseum_20015966,train
rijksmuseum_20015967,train
rijksmuseum_20015968,train
rijksmuseum_20015969,train
rijksmuseum_20015970,train
rijksmuseum_20015971,train
rijksmuseum_20015974,val
rijksmuseum_20015975,train
rijksmuseum_20015977,train
rijksmuseum_20015978,train
rijksmuseum_20015979,train
rijksmuseum_2001604,train
rijksmuseum_200164103,val
rijksmuseum_20019634,train
rijksmuseum_20019635,train
rijksmuseum_20020092,train
rijksmuseum_20020320,val
rijksmuseum_20020321,train
rijksmuseum_20020333,train
rijksmuseum_20020408,val
rijksmuseum_20020749,val
rijksmuseum_20020971,train
rijksmuseum_20021498,test
rijksmuseum_20021964,test
rijksmuseum_20022011,train
rijksmuseum_20022176,train
rijksmuseum_20022216,train
rijksmuseum_20022306,val
rijksmuseum_20022770,val
rijksmuseum_20023001,train
rijksmuseum_20023308,test
rijksmuseum_20023967,val
rijksmuseum_20023972,test
rijksmuseum_20023992,val
rijksmuseum_20023993,train
rijksmuseum_20023995,train
rijksmuseum_20024059,train
rijksmuseum_20024071,test
rijksmuseum_20024072,train
rijksmuseum_20024098,train
rijksmuseum_20024246,train
rijksmuseum_20024247,train
rijksmuseum_20024248,train
rijksmuseum_20024251,train
rijksmuseum_20024328,train
rijksmuseum_20024329,train
rijksmuseum_20024335,val
rijksmuseum_20024354,train
rijksmuseum_20024355,train
rijksmuseum_20024394,train
rijksmuseum_20024396,train
rijksmuseum_20025684,train
rijksmuseum_20025685,train
rijksmuseum_20025687,train
rijksmuseum_20025688,train
rijksmuseum_20025691,val
rijksmuseum_20025692,train
rijksmuseum_20025693,train
rijksmuseum_20025694,train
rijksmuseum_20025695,train
rijksmuseum_20025696,val
rijksmuseum_20025699,train
rijksmuseum_20025700,test
rijksmuseum_20025702,val
rijksmuseum_20025703,val
rijksmuseum_20025706,val
rijksmuseum_20025707,train
rijksmuseum_20025708,train
rijksmuseum_20025709,test
rijksmuseum_20025712,train
rijksmuseum_20025713,val
rijksmuseum_20025714,val
rijksmuseum_20025715,train
rijksmuseum_20025717,test
rijksmuseum_20025718,val
rijksmuseum_20025719,train
rijksmuseum_20025720,train
rijksmuseum_20025721,train
rijksmuseum_20025722,test
rijksmuseum_20025723,test
rijksmuseum_20025725,train
rijksmuseum_20025726,train
rijksmuseum_20025727,train
rijksmuseum_20025730,train
rijksmuseum_20025731,train
rijksmuseum_20025732,train
rijksmuseum_20025736,val
rijksmuseum_20025737,train
rijksmuseum_20025738,val
rijksmuseum_20025739,train
rijksmuseum_20025740,train
rijksmuseum_20025741,test
rijksmuseum_20025742,train
rijksmuseum_20025743,test
rijksmuseum_20025744,train
rijksmuseum_20025745,train
rijksmuseum_20025746,test
rijksmuseum_20025747,train
rijksmuseum_20025748,train
rijksmuseum_20025749,test
rijksmuseum_20025750,train
rijksmuseum_20025751,train
rijksmuseum_20025753,train
rijksmuseum_20025754,train
rijksmuseum_20025755,train
rijksmuseum_20025756,train
rijksmuseum_20025757,train
rijksmuseum_20025758,train
rijksmuseum_20025759,train
rijksmuseum_20025760,train
rijksmuseum_20025762,train
rijksmuseum_20025763,train
rijksmuseum_20025764,train
rijksmuseum_20025765,train
rijksmuseum_20025767,test
rijksmuseum_20025768,train
rijksmuseum_20025769,train
rijksmuseum_20025771,train
rijksmuseum_20025773,test
rijksmuseum_20025774,train
rijksmuseum_20025775,test
rijksmuseum_20025776,train
rijksmuseum_20025777,train
rijksmuseum_20025778,test
rijksmuseum_20025779,train
rijksmuseum_20025780,test
rijksmuseum_20025782,train
rijksmuseum_20025783,val
rijksmuseum_20025788,train
rijksmuseum_20025789,train
rijksmuseum_20025790,train
rijksmuseum_20025791,train
rijksmuseum_20025792,test
rijksmuseum_20025793,train
rijksmuseum_20025794,train
rijksmuseum_20025795,train
rijksmuseum_20025796,train
rijksmuseum_20025797,train
rijksmuseum_20025798,train
rijksmuseum_20025799,train
rijksmuseum_20025801,train
rijksmuseum_20025802,test
rijksmuseum_20025803,train
rijksmuseum_20025804,train
rijksmuseum_20025805,train
rijksmuseum_20025806,train
rijksmuseum_20025807,train
rijksmuseum_20025808,test
rijksmuseum_20025809,train
rijksmuseum_20025810,val
rijksmuseum_20025811,val
rijksmuseum_20025812,val
rijksmuseum_20025813,train
rijksmuseum_20025814,train
rijksmuseum_20025815,train
rijksmuseum_20025816,test
rijksmuseum_20025817,train
rijksmuseum_20025819,test
rijksmuseum_20025820,train
rijksmuseum_20025825,train
rijksmuseum_20025826,train
rijksmuseum_20025831,train
rijksmuseum_20025833,train
rijksmuseum_20025834,train
rijksmuseum_20025835,train
rijksmuseum_20025840,train
rijksmuseum_20025841,train
rijksmuseum_20025842,val
rijksmuseum_20025843,train
rijksmuseum_20025844,val
rijksmuseum_20025845,train
rijksmuseum_20025846,train
rijksmuseum_20025847,train
rijksmuseum_20025848,train
rijksmuseum_20025850,test
rijksmuseum_20025851,train
rijksmuseum_20025852,val
rijksmuseum_20025855,val
rijksmuseum_20025856,test
rijksmuseum_20025857,train
rijksmuseum_20025858,train
rijksmuseum_20025859,val
rijksmuseum_20025860,train
rijksmuseum_20025861,train
rijksmuseum_20025862,train
rijksmuseum_20025863,train
rijksmuseum_20025864,test
rijksmuseum_20025865,train
rijksmuseum_20025869,train
rijksmuseum_20025870,train
rijksmuseum_20025871,test
rijksmuseum_20025872,train
rijksmuseum_20025874,test
rijksmuseum_20025875,train
rijksmuseum_20025876,test
rijksmuseum_20025877,train
rijksmuseum_20025880,train
rijksmuseum_20025881,train
rijksmuseum_20025882,val
rijksmuseum_20025884,train
rijksmuseum_20025885,train
rijksmuseum_20025887,train
rijksmuseum_20025889,train
rijksmuseum_20025890,train
rijksmuseum_20025893,train
rijksmuseum_20025895,train
rijksmuseum_20025896,train
rijksmuseum_20025897,train
rijksmuseum_20025899,val
rijksmuseum_20025908,val
rijksmuseum_20025909,train
rijksmuseum_20025910,train
rijksmuseum_20025911,train
rijksmuseum_20025913,train
rijksmuseum_20025914,test
rijksmuseum_20025915,test
rijksmuseum_20025917,val
rijksmuseum_20025920,train
rijksmuseum_20025923,train
rijksmuseum_20025924,val
rijksmuseum_20025925,train
rijksmuseum_20025927,val
rijksmuseum_20025928,test
rijksmuseum_20025929,train
rijksmuseum_20025931,train
rijksmuseum_20025932,train
rijksmuseum_20025933,test
rijksmuseum_20025934,train
rijksmuseum_20025935,train
rijksmuseum_20025936,train
rijksmuseum_20025937,train
rijksmuseum_20025938,train
rijksmuseum_20025940,train
rijksmuseum_20025941,train
rijksmuseum_20025942,test
rijksmuseum_20025943,train
rijksmuseum_20025944,train
rijksmuseum_20025945,val
rijksmuseum_20025946,train
rijksmuseum_20025947,test
rijksmuseum_20025948,train
rijksmuseum_20025949,train
rijksmuseum_20025950,train
rijksmuseum_20025951,train
rijksmuseum_20025952,train
rijksmuseum_20025953,test
rijksmuseum_20025955,train
rijksmuseum_20025956,train
rijksmuseum_20025957,train
rijksmuseum_20025958,train
rijksmuseum_20025959,train
rijksmuseum_20025960,val
rijksmuseum_20025961,train
rijksmuseum_20025963,train
rijksmuseum_20025964,train
rijksmuseum_20025967,val
rijksmuseum_20025968,train
rijksmuseum_20025970,train
rijksmuseum_20025971,test
rijksmuseum_20025976,train
rijksmuseum_20025977,val
rijksmuseum_20025978,train
rijksmuseum_20025990,train
rijksmuseum_20025991,train
rijksmuseum_20025992,test
rijksmuseum_20026000,train
rijksmuseum_20026013,train
rijksmuseum_20026016,train
rijksmuseum_20026019,test
rijksmuseum_20026020,train
rijksmuseum_20026021,train
rijksmuseum_20026022,train
rijksmuseum_20026023,train
rijksmuseum_20026024,train
rijksmuseum_20026025,train
rijksmuseum_20026026,train
rijksmuseum_20026029,train
rijksmuseum_20026030,train
rijksmuseum_20026031,train
rijksmuseum_20026032,train
rijksmuseum_20026033,val
rijksmuseum_20026035,val
rijksmuseum_20026036,test
rijksmuseum_20026037,train
rijksmuseum_20026039,train
rijksmuseum_20026040,test
rijksmuseum_20026041,test
rijksmuseum_20026042,val
rijksmuseum_20026043,train
rijksmuseum_20026044,train
rijksmuseum_20026047,test
rijksmuseum_20026048,train
rijksmuseum_20026049,train
rijksmuseum_20026050,train
rijksmuseum_20026051,train
rijksmuseum_20026052,train
rijksmuseum_20026053,val
rijksmuseum_20026054,train
rijksmuseum_20026055,train
rijksmuseum_20026056,val
rijksmuseum_20026057,train
rijksmuseum_20026058,train
rijksmuseum_20026059,train
rijksmuseum_20026060,train
rijksmuseum_20026061,train
rijksmuseum_20026062,train
rijksmuseum_20026064,train
rijksmuseum_20026065,train
rijksmuseum_20026066,train
rijksmuseum_20026067,train
rijksmuseum_20026068,train
rijksmuseum_20026069,train
rijksmuseum_20026070,train
rijksmuseum_20026071,train
rijksmuseum_20026072,val
rijksmuseum_20026073,train
rijksmuseum_20026074,test
rijksmuseum_20026075,train
rijksmuseum_20026076,test
rijksmuseum_20026077,test
rijksmuseum_20026078,test
rijksmuseum_20026079,train
rijksmuseum_20026081,train
rijksmuseum_20026082,train
rijksmuseum_20026083,train
rijksmuseum_20026084,train
rijksmuseum_20026085,train
rijksmuseum_20026093,train
rijksmuseum_20026095,train
rijksmuseum_20026141,test
rijksmuseum_20026142,train
rijksmuseum_20026143,train
rijksmuseum_20026144,train
rijksmuseum_20026145,train
rijksmuseum_20026146,train
rijksmuseum_20026148,train
rijksmuseum_20026149,train
rijksmuseum_20026152,test
rijksmuseum_20026153,test
rijksmuseum_20026154,train
rijksmuseum_20026155,train
rijksmuseum_20026156,train
rijksmuseum_20026157,train
rijksmuseum_20026158,train
rijksmuseum_20026159,train
rijksmuseum_20026160,train
rijksmuseum_20026161,test
rijksmuseum_20026162,train
rijksmuseum_20026163,train
rijksmuseum_20026164,test
rijksmuseum_20026165,val
rijksmuseum_20026166,train
rijksmuseum_20026167,val
rijksmuseum_20026168,train
rijksmuseum_20026169,test
rijksmuseum_20026170,val
rijksmuseum_20026171,test
rijksmuseum_20026172,train
rijksmuseum_20026175,train
rijksmuseum_20026176,test
rijksmuseum_20026177,val
rijksmuseum_20026178,test
rijksmuseum_20026179,train
rijksmuseum_20026180,train
rijksmuseum_20026181,train
rijksmuseum_20026182,train
rijksmuseum_20026183,train
rijksmuseum_20026184,train
rijksmuseum_20026185,train
rijksmuseum_20026186,train
rijksmuseum_20026187,train
rijksmuseum_20026188,train
rijksmuseum_20026189,train
rijksmuseum_20026190,train
rijksmuseum_20026191,train
rijksmuseum_20026192,train
rijksmuseum_20026193,test
rijksmuseum_20026194,train
rijksmuseum_20026195,train
rijksmuseum_20026196,train
rijksmuseum_20026197,train
rijksmuseum_20026198,train
rijksmuseum_20026199,train
rijksmuseum_20026200,train
rijksmuseum_20026201,test
rijksmuseum_20026202,train
rijksmuseum_20026203,train
rijksmuseum_20026204,train
rijksmuseum_20026205,train
rijksmuseum_20026206,train
rijksmuseum_20026207,train
rijksmuseum_20026208,val
rijksmuseum_20026209,train
rijksmuseum_20026210,test
rijksmuseum_20026211,val
rijksmuseum_20026212,val
rijksmuseum_20026213,test
rijksmuseum_20026215,test
rijksmuseum_20026216,train
rijksmuseum_20026217,train
rijksmuseum_20026218,train
rijksmuseum_20026219,val
rijksmuseum_20026220,train
rijksmuseum_20026221,train
rijksmuseum_20026222,train
rijksmuseum_20026223,train
rijksmuseum_20026224,train
rijksmuseum_20026227,test
rijksmuseum_20026228,val
rijksmuseum_20026229,val
rijksmuseum_20026230,train
rijksmuseum_20026231,val
rijksmuseum_20026232,val
rijksmuseum_20026233,train
rijksmuseum_20026234,test
rijksmuseum_20026235,val
rijksmuseum_20026236,val
rijksmuseum_20026237,train
rijksmuseum_20026238,train
rijksmuseum_20026239,train
rijksmuseum_20026240,train
rijksmuseum_20026241,train
rijksmuseum_20026242,test
rijksmuseum_20026243,test
rijksmuseum_20026244,train
rijksmuseum_20026245,train
rijksmuseum_20026246,val
rijksmuseum_20026247,train
rijksmuseum_20026248,val
rijksmuseum_20026249,train
rijksmuseum_20026250,train
rijksmuseum_20026251,test
rijksmuseum_20026252,train
rijksmuseum_20026253,train
rijksmuseum_20026254,test
rijksmuseum_20026255,train
rijksmuseum_20026256,train
rijksmuseum_20026258,val
rijksmuseum_20026259,train
rijksmuseum_20026260,train
rijksmuseum_20026262,train
rijksmuseum_20026264,train
rijksmuseum_20026265,train
rijksmuseum_20026266,train
rijksmuseum_20026267,train
rijksmuseum_20026268,train
rijksmuseum_20026269,train
rijksmuseum_20026270,test
rijksmuseum_20026271,train
rijksmuseum_20026272,val
rijksmuseum_20026274,train
rijksmuseum_20026275,val
rijksmuseum_20026278,train
rijksmuseum_20026279,train
rijksmuseum_20026281,train
rijksmuseum_20026282,val
rijksmuseum_20026283,test
rijksmuseum_20026284,val
rijksmuseum_20026285,train
rijksmuseum_20026286,test
rijksmuseum_20026287,train
rijksmuseum_20026288,train
rijksmuseum_20026289,train
rijksmuseum_20026290,val
rijksmuseum_20026291,train
rijksmuseum_20026292,train
rijksmuseum_20026293,train
rijksmuseum_20026294,train
rijksmuseum_20026295,train
rijksmuseum_20026297,train
rijksmuseum_20026298,val
rijksmuseum_20026300,val
rijksmuseum_20026301,train
rijksmuseum_20026302,train
rijksmuseum_20026303,val
rijksmuseum_20026304,test
rijksmuseum_20026308,test
rijksmuseum_20026309,val
rijksmuseum_20026310,test
rijksmuseum_20026312,train
rijksmuseum_20026313,test
rijksmuseum_20026314,train
rijksmuseum_20026316,train
rijksmuseum_20026318,train
rijksmuseum_20026319,train
rijksmuseum_20026320,train
rijksmuseum_20026321,test
rijksmuseum_20026322,train
rijksmuseum_20026323,test
rijksmuseum_20026324,train
rijksmuseum_20026325,train
rijksmuseum_20026326,train
rijksmuseum_20026327,train
rijksmuseum_20026328,val
rijksmuseum_20026329,train
rijksmuseum_20026330,val
rijksmuseum_20026331,val
rijksmuseum_20026332,train
rijksmuseum_20026333,train
rijksmuseum_20026334,train
rijksmuseum_20026335,train
rijksmuseum_20026336,val
rijksmuseum_20026337,train
rijksmuseum_20026338,train
rijksmuseum_20026339,train
rijksmuseum_20026343,train
rijksmuseum_20026344,train
rijksmuseum_20026345,val
rijksmuseum_20026346,test
rijksmuseum_20026347,train
rijksmuseum_20026348,test
rijksmuseum_20026349,train
rijksmuseum_20026350,train
rijksmuseum_20026351,train
rijksmuseum_20026352,train
rijksmuseum_20026353,train
rijksmuseum_20026354,val
rijksmuseum_20026355,train
rijksmuseum_20026356,train
rijksmuseum_20026357,train
rijksmuseum_20026358,test
rijksmuseum_20026359,test
rijksmuseum_20026360,train
rijksmuseum_20026361,train
rijksmuseum_20026362,train
rijksmuseum_20026363,val
rijksmuseum_20026364,val
rijksmuseum_20026365,train
rijksmuseum_20026366,test
rijksmuseum_20026367,val
rijksmuseum_20026368,test
rijksmuseum_20026369,train
rijksmuseum_20026370,test
rijksmuseum_20026371,test
rijksmuseum_20026372,train
rijksmuseum_20026373,test
rijksmuseum_20026375,train
rijksmuseum_20026376,val
rijksmuseum_20026377,train
rijksmuseum_20026379,train
rijksmuseum_20026380,train
rijksmuseum_20026381,train
rijksmuseum_20026382,train
rijksmuseum_20026383,train
rijksmuseum_20026384,val
rijksmuseum_20026385,train
rijksmuseum_20026386,train
rijksmuseum_20026387,train
rijksmuseum_20026388,train
rijksmuseum_20026390,train
rijksmuseum_20026393,train
rijksmuseum_20026394,test
rijksmuseum_20026395,train
rijksmuseum_20026396,train
rijksmuseum_20026398,train
rijksmuseum_20026399,test
rijksmuseum_20026400,test
rijksmuseum_20026401,test
rijksmuseum_20026402,test
rijksmuseum_20026403,train
rijksmuseum_20026404,val
rijksmuseum_20026405,train
rijksmuseum_20026406,train
rijksmuseum_20026407,test
rijksmuseum_20026408,val
rijksmuseum_20026409,train
rijksmuseum_20026410,train
rijksmuseum_20026411,train
rijksmuseum_20026412,train
rijksmuseum_20026413,val
rijksmuseum_20026416,train
rijksmuseum_20026417,train
rijksmuseum_20026419,train
rijksmuseum_20026420,train
rijksmuseum_20026421,train
rijksmuseum_20026423,train
rijksmuseum_20026424,train
rijksmuseum_20026425,train
rijksmuseum_20026426,train
rijksmuseum_20026427,train
rijksmuseum_20026428,train
rijksmuseum_20026429,train
rijksmuseum_20026430,train
rijksmuseum_20026431,test
rijksmuseum_20026432,train
rijksmuseum_20026433,train
rijksmuseum_20026434,train
rijksmuseum_20026435,train
rijksmuseum_20026436,val
rijksmuseum_20026437,train
rijksmuseum_20026438,train
rijksmuseum_20026439,train
rijksmuseum_20026442,test
rijksmuseum_20026443,test
rijksmuseum_20026444,val
rijksmuseum_20026445,train
rijksmuseum_20026446,train
rijksmuseum_20026447,test
rijksmuseum_20026448,val
rijksmuseum_20026449,train
rijksmuseum_20026450,train
rijksmuseum_20026451,train
rijksmuseum_20026452,train
rijksmuseum_20026466,test
rijksmuseum_20026468,val
rijksmuseum_20026469,train
rijksmuseum_20026470,train
rijksmuseum_20026471,train
rijksmuseum_20026472,train
rijksmuseum_20026473,train
rijksmuseum_20026474,test
rijksmuseum_20026475,train
rijksmuseum_20026476,train
rijksmuseum_20026477,val
rijksmuseum_20026478,train
rijksmuseum_20026479,val
rijksmuseum_20026480,train
rijksmuseum_20026481,train
rijksmuseum_20026482,val
rijksmuseum_20026483,train
rijksmuseum_20026484,test
rijksmuseum_20026485,train
rijksmuseum_20026486,train
rijksmuseum_20026488,train
rijksmuseum_20026489,test
rijksmuseum_20026490,test
rijksmuseum_20026491,train
rijksmuseum_20026492,train
rijksmuseum_20026493,test
rijksmuseum_20026494,train
rijksmuseum_20026495,test
rijksmuseum_20026496,train
rijksmuseum_20026497,train
rijksmuseum_20026498,train
rijksmuseum_20026499,train
rijksmuseum_20026500,train
rijksmuseum_20026502,val
rijksmuseum_20026503,train
rijksmuseum_20026504,val
rijksmuseum_20026505,train
rijksmuseum_20026506,train
rijksmuseum_20026507,train
rijksmuseum_20026510,train
rijksmuseum_20026511,train
rijksmuseum_20026512,train
rijksmuseum_20026513,train
rijksmuseum_20026514,train
rijksmuseum_20026515,train
rijksmuseum_20026516,train
rijksmuseum_20026517,train
rijksmuseum_20026519,train
rijksmuseum_20026522,train
rijksmuseum_20026523,test
rijksmuseum_20026524,val
rijksmuseum_20026526,train
rijksmuseum_20026528,train
rijksmuseum_20026533,train
rijksmuseum_20026534,train
rijksmuseum_20026535,train
rijksmuseum_20026536,val
rijksmuseum_20026537,test
rijksmuseum_20026539,val
rijksmuseum_20026540,train
rijksmuseum_20026541,train
rijksmuseum_20026542,train
rijksmuseum_20026543,train
rijksmuseum_20026544,train
rijksmuseum_20026545,train
rijksmuseum_20026546,train
rijksmuseum_20026547,train
rijksmuseum_20026548,train
rijksmuseum_20026549,train
rijksmuseum_20026550,test
rijksmuseum_20026551,test
rijksmuseum_20026552,train
rijksmuseum_20026553,train
rijksmuseum_20026554,test
rijksmuseum_20026555,train
rijksmuseum_20026556,train
rijksmuseum_20026557,train
rijksmuseum_20026558,train
rijksmuseum_20026559,train
rijksmuseum_20026560,train
rijksmuseum_20026562,train
rijksmuseum_20026563,test
rijksmuseum_20026564,test
rijksmuseum_20026565,train
rijksmuseum_20026566,train
rijksmuseum_20026567,train
rijksmuseum_20026568,val
rijksmuseum_20026569,train
rijksmuseum_20026570,train
rijksmuseum_20026571,train
rijksmuseum_20026572,train
rijksmuseum_20026573,test
rijksmuseum_20026574,train
rijksmuseum_20026575,train
rijksmuseum_20026576,train
rijksmuseum_20026577,train
rijksmuseum_20026578,train
rijksmuseum_20026579,train
rijksmuseum_20026580,train
rijksmuseum_20026581,train
rijksmuseum_20026582,test
rijksmuseum_20026583,train
rijksmuseum_20026584,test
rijksmuseum_20026585,val
rijksmuseum_20026586,train
rijksmuseum_20026587,train
rijksmuseum_20026588,train
rijksmuseum_20026589,val
rijksmuseum_20026590,val
rijksmuseum_20026591,train
rijksmuseum_20026592,train
rijksmuseum_20026593,train
rijksmuseum_20026594,test
rijksmuseum_20026596,test
rijksmuseum_20026598,train
rijksmuseum_20026599,val
rijksmuseum_20026600,train
rijksmuseum_20026601,train
rijksmuseum_20026602,test
rijksmuseum_20026603,train
rijksmuseum_20026604,test
rijksmuseum_20026605,train
rijksmuseum_20026608,val
rijksmuseum_20026613,val
rijksmuseum_20026615,train
rijksmuseum_20026617,train
rijksmuseum_20026618,train
rijksmuseum_20026619,test
rijksmuseum_20026620,train
rijksmuseum_20026621,train
rijksmuseum_20026622,train
rijksmuseum_20026623,train
rijksmuseum_20026624,train
rijksmuseum_20026625,train
rijksmuseum_20026626,train
rijksmuseum_20026627,train
rijksmuseum_20026628,train
rijksmuseum_20026629,test
rijksmuseum_20026630,test
rijksmuseum_20026631,test
rijksmuseum_20026632,train
rijksmuseum_20026633,train
rijksmuseum_20026634,train
rijksmuseum_20026635,test
rijksmuseum_20026636,train
rijksmuseum_20026637,train
rijksmuseum_20026638,train
rijksmuseum_20026639,train
rijksmuseum_20026640,train
rijksmuseum_20026641,train
rijksmuseum_20026642,train
rijksmuseum_20026643,val
rijksmuseum_20026644,test
rijksmuseum_20026645,train
rijksmuseum_20026646,train
rijksmuseum_20026649,test
rijksmuseum_20026650,test
rijksmuseum_20026651,train
rijksmuseum_20026652,train
rijksmuseum_20026653,train
rijksmuseum_20026654,train
rijksmuseum_20026655,train
rijksmuseum_20026656,train
rijksmuseum_20026657,test
rijksmuseum_20026658,train
rijksmuseum_20026659,train
rijksmuseum_20026660,train
rijksmuseum_20026661,train
rijksmuseum_20026662,train
rijksmuseum_20026663,val
rijksmuseum_20026664,train
rijksmuseum_20026665,train
rijksmuseum_20026666,train
rijksmuseum_20026669,test
rijksmuseum_20026670,train
rijksmuseum_20026673,test
rijksmuseum_20026675,train
rijksmuseum_20026676,test
rijksmuseum_20026677,train
rijksmuseum_20026678,train
rijksmuseum_20026679,val
rijksmuseum_20026680,test
rijksmuseum_20026682,train
rijksmuseum_20026686,val
rijksmuseum_20026687,train
rijksmuseum_20026688,val
rijksmuseum_20026696,train
rijksmuseum_20026697,test
rijksmuseum_20026698,test
rijksmuseum_20026699,train
rijksmuseum_20026700,train
rijksmuseum_20026702,test
rijksmuseum_20026703,train
rijksmuseum_20026705,train
rijksmuseum_20026706,train
rijksmuseum_20026707,train
rijksmuseum_20026708,train
rijksmuseum_20026709,train
rijksmuseum_20026710,test
rijksmuseum_20026711,train
rijksmuseum_20026712,train
rijksmuseum_20026713,test
rijksmuseum_20026714,train
rijksmuseum_20026715,train
rijksmuseum_20026716,val
rijksmuseum_20026717,test
rijksmuseum_20026718,train
rijksmuseum_20026719,train
rijksmuseum_20026720,val
rijksmuseum_20026721,train
rijksmuseum_20026722,val
rijksmuseum_20026723,test
rijksmuseum_20026724,train
rijksmuseum_20026725,train
rijksmuseum_20026726,train
rijksmuseum_20026727,test
rijksmuseum_20026728,test
rijksmuseum_20026729,train
rijksmuseum_20026730,train
rijksmuseum_20026731,test
rijksmuseum_20026733,val
rijksmuseum_20026734,test
rijksmuseum_20026735,train
rijksmuseum_20026736,train
rijksmuseum_20026737,train
rijksmuseum_20026738,test
rijksmuseum_20026739,val
rijksmuseum_20026740,train
rijksmuseum_20026741,train
rijksmuseum_20026742,val
rijksmuseum_20026743,train
rijksmuseum_20026744,train
rijksmuseum_20026745,train
rijksmuseum_20026746,train
rijksmuseum_20026747,train
rijksmuseum_20026748,train
rijksmuseum_20026749,train
rijksmuseum_20026751,test
rijksmuseum_20026752,train
rijksmuseum_20026753,train
rijksmuseum_20026754,test
rijksmuseum_20026755,train
rijksmuseum_20026756,train
rijksmuseum_20026757,test
rijksmuseum_20026758,val
rijksmuseum_20026759,train
rijksmuseum_20026760,train
rijksmuseum_20026761,train
rijksmuseum_20026762,train
rijksmuseum_20026763,train
rijksmuseum_20026764,train
rijksmuseum_20026765,train
rijksmuseum_20026766,train
rijksmuseum_20026768,train
rijksmuseum_20026769,val
rijksmuseum_20026770,train
rijksmuseum_20026771,train
rijksmuseum_20026772,train
rijksmuseum_20026773,val
rijksmuseum_20026774,train
rijksmuseum_20026775,train
rijksmuseum_20026776,train
rijksmuseum_20026777,train
rijksmuseum_20026778,train
rijksmuseum_20026779,train
rijksmuseum_20026780,train
rijksmuseum_20026781,train
rijksmuseum_20026782,train
rijksmuseum_20026783,test
rijksmuseum_20026784,test
rijksmuseum_20026785,test
rijksmuseum_20026786,val
rijksmuseum_20026787,train
rijksmuseum_20026788,test
rijksmuseum_20026789,train
rijksmuseum_20026790,train
rijksmuseum_20026791,train
rijksmuseum_20026792,train
rijksmuseum_20026793,train
rijksmuseum_20026794,train
rijksmuseum_20026795,test
rijksmuseum_20026796,train
rijksmuseum_20026797,train
rijksmuseum_20026798,val
rijksmuseum_20026799,train
rijksmuseum_20026801,test
rijksmuseum_20026802,train
rijksmuseum_20026803,train
rijksmuseum_20026804,test
rijksmuseum_20026815,train
rijksmuseum_20026816,test
rijksmuseum_20026817,train
rijksmuseum_20026818,train
rijksmuseum_20026819,train
rijksmuseum_20026820,train
rijksmuseum_20026821,train
rijksmuseum_20026822,train
rijksmuseum_20026823,train
rijksmuseum_20026824,train
rijksmuseum_20026825,train
rijksmuseum_20026826,train
rijksmuseum_20026827,test
rijksmuseum_20026828,train
rijksmuseum_20026829,test
rijksmuseum_20026830,train
rijksmuseum_20026831,train
rijksmuseum_20026832,train
rijksmuseum_20026833,train
rijksmuseum_20026834,train
rijksmuseum_20026835,train
rijksmuseum_20026836,val
rijksmuseum_20026838,test
rijksmuseum_20026839,train
rijksmuseum_20026840,train
rijksmuseum_20026841,train
rijksmuseum_20026842,test
rijksmuseum_20026843,train
rijksmuseum_20026844,train
rijksmuseum_20026845,test
rijksmuseum_20026846,train
rijksmuseum_20026847,test
rijksmuseum_20026848,train
rijksmuseum_20026849,test
rijksmuseum_20026850,test
rijksmuseum_20026851,train
rijksmuseum_20026853,train
rijksmuseum_20026854,train
rijksmuseum_20026855,test
rijksmuseum_20026856,test
rijksmuseum_20026857,train
rijksmuseum_20026858,test
rijksmuseum_20026862,val
rijksmuseum_20026863,train
rijksmuseum_20026864,train
rijksmuseum_20026865,train
rijksmuseum_20026866,train
rijksmuseum_20026867,train
rijksmuseum_20026868,train
rijksmuseum_20026871,train
rijksmuseum_20026872,train
rijksmuseum_20026873,train
rijksmuseum_20026874,train
rijksmuseum_20026875,train
rijksmuseum_20026876,train
rijksmuseum_20026877,train
rijksmuseum_20026878,train
rijksmuseum_20026880,train
rijksmuseum_20026881,test
rijksmuseum_20026882,train
rijksmuseum_20026883,train
rijksmuseum_20026884,train
rijksmuseum_20026885,val
rijksmuseum_20026886,val
rijksmuseum_20026887,train
rijksmuseum_20026888,val
rijksmuseum_20026890,train
rijksmuseum_20026891,train
rijksmuseum_20026892,test
rijksmuseum_20026893,test
rijksmuseum_20026894,train
rijksmuseum_20026896,train
rijksmuseum_20026897,val
rijksmuseum_20026899,train
rijksmuseum_20026900,train
rijksmuseum_20026901,train
rijksmuseum_20026902,train
rijksmuseum_20026904,test
rijksmuseum_20026907,train
rijksmuseum_20026908,train
rijksmuseum_20026909,train
rijksmuseum_20026910,train
rijksmuseum_20026911,train
rijksmuseum_20026912,train
rijksmuseum_20026914,train
rijksmuseum_20026916,train
rijksmuseum_20026917,test
rijksmuseum_20026918,train
rijksmuseum_20026919,train
rijksmuseum_20026920,train
rijksmuseum_20026921,train
rijksmuseum_20026922,train
rijksmuseum_20026923,train
rijksmuseum_20026924,train
rijksmuseum_20026925,train
rijksmuseum_20026927,train
rijksmuseum_20026928,test
rijksmuseum_20026929,train
rijksmuseum_20026930,train
rijksmuseum_20026931,train
rijksmuseum_20026933,train
rijksmuseum_20026934,test
rijksmuseum_20026935,test
rijksmuseum_20026936,test
rijksmuseum_20026937,val
rijksmuseum_20026938,train
rijksmuseum_20026939,train
rijksmuseum_20026944,train
rijksmuseum_20026945,train
rijksmuseum_20026946,train
rijksmuseum_20026947,test
rijksmuseum_20026948,train
rijksmuseum_20026949,test
rijksmuseum_20026950,train
rijksmuseum_20026952,train
rijksmuseum_20026953,val
rijksmuseum_20026954,test
rijksmuseum_20026955,train
rijksmuseum_20026957,train
rijksmuseum_20026959,train
rijksmuseum_20026960,val
rijksmuseum_20026961,train
rijksmuseum_20026962,train
rijksmuseum_20026963,test
rijksmuseum_20026964,train
rijksmuseum_20026965,train
rijksmuseum_20026966,train
rijksmuseum_20026967,train
rijksmuseum_20026968,train
rijksmuseum_20026969,train
rijksmuseum_20026970,val
rijksmuseum_20026971,train
rijksmuseum_20026972,train
rijksmuseum_20026973,val
rijksmuseum_20026974,test
rijksmuseum_20026975,train
rijksmuseum_20026977,train
rijksmuseum_20026978,train
rijksmuseum_20026979,train
rijksmuseum_20026981,train
rijksmuseum_20026982,train
rijksmuseum_20026983,test
rijksmuseum_20026984,val
rijksmuseum_20026985,train
rijksmuseum_20026986,train
rijksmuseum_20026987,train
rijksmuseum_20026988,val
rijksmuseum_20026989,train
rijksmuseum_20026990,train
rijksmuseum_20026991,val
rijksmuseum_20026992,val
rijksmuseum_20026993,test
rijksmuseum_20026994,train
rijksmuseum_20026995,train
rijksmuseum_20026996,train
rijksmuseum_20026997,test
rijksmuseum_20026998,val
rijksmuseum_20026999,train
rijksmuseum_20027001,test
rijksmuseum_20027002,train
rijksmuseum_20027003,train
rijksmuseum_20027004,train
rijksmuseum_20027006,train
rijksmuseum_20027009,train
rijksmuseum_20027010,train
rijksmuseum_20027011,test
rijksmuseum_20027012,train
rijksmuseum_20027013,val
rijksmuseum_20027014,train
rijksmuseum_20027015,train
rijksmuseum_20027016,test
rijksmuseum_20027017,train
rijksmuseum_20027018,train
rijksmuseum_20027019,train
rijksmuseum_20027020,train
rijksmuseum_20027021,train
rijksmuseum_20027022,train
rijksmuseum_20027023,train
rijksmuseum_20027025,train
rijksmuseum_20027026,train
rijksmuseum_20027027,train
rijksmuseum_20027028,test
rijksmuseum_20027029,val
rijksmuseum_20027030,val
rijksmuseum_20027031,train
rijksmuseum_20027032,val
rijksmuseum_20027033,train
rijksmuseum_20027034,test
rijksmuseum_20027035,train
rijksmuseum_20027036,train
rijksmuseum_20027037,train
rijksmuseum_20027038,train
rijksmuseum_20027039,train
rijksmuseum_20027040,train
rijksmuseum_20027041,train
rijksmuseum_20027043,train
rijksmuseum_20027044,train
rijksmuseum_20027045,train
rijksmuseum_20027046,val
rijksmuseum_20027049,test
rijksmuseum_20027050,train
rijksmuseum_20027051,train
rijksmuseum_20027053,train
rijksmuseum_20027055,test
rijksmuseum_20027056,val
rijksmuseum_20027061,train
rijksmuseum_20027062,val
rijksmuseum_20027063,train
rijksmuseum_20027064,train
rijksmuseum_20027065,test
rijksmuseum_20027068,train
rijksmuseum_20027069,train
rijksmuseum_20027070,test
rijksmuseum_20027071,train
rijksmuseum_20027072,val
rijksmuseum_20027073,train
rijksmuseum_20027074,train
rijksmuseum_20027075,train
rijksmuseum_20027077,val
rijksmuseum_20027078,train
rijksmuseum_20027079,train
rijksmuseum_20027080,train
rijksmuseum_20027081,train
rijksmuseum_20027082,test
rijksmuseum_20027083,test
rijksmuseum_20027084,train
rijksmuseum_20027085,val
rijksmuseum_20027086,train
rijksmuseum_20027087,test
rijksmuseum_20027088,train
rijksmuseum_20027089,train
rijksmuseum_20027091,train
rijksmuseum_20027092,val
rijksmuseum_20027093,train
rijksmuseum_20027094,train
rijksmuseum_20027095,train
rijksmuseum_20027096,train
rijksmuseum_20027097,train
rijksmuseum_20027098,train
rijksmuseum_20027099,train
rijksmuseum_20027100,train
rijksmuseum_20027102,val
rijksmuseum_20027103,train
rijksmuseum_20027105,train
rijksmuseum_20027106,val
rijksmuseum_20027107,train
rijksmuseum_20027108,test
rijksmuseum_20027112,train
rijksmuseum_20027115,val
rijksmuseum_20027117,val
rijksmuseum_20027137,train
rijksmuseum_20027142,val
rijksmuseum_20027143,train
rijksmuseum_20027147,test
rijksmuseum_20027149,train
rijksmuseum_20027152,train
rijksmuseum_20027154,train
rijksmuseum_20027155,train
rijksmuseum_20027156,train
rijksmuseum_20027157,train
rijksmuseum_20027158,val
rijksmuseum_20027159,val
rijksmuseum_20027162,val
rijksmuseum_20027163,train
rijksmuseum_20027165,test
rijksmuseum_20027166,train
rijksmuseum_20027167,train
rijksmuseum_20027168,test
rijksmuseum_20027169,train
rijksmuseum_20027170,val
rijksmuseum_20027173,test
rijksmuseum_20027175,train
rijksmuseum_20027176,train
rijksmuseum_20027178,train
rijksmuseum_20027181,train
rijksmuseum_20027183,train
rijksmuseum_20027184,train
rijksmuseum_20027185,train
rijksmuseum_20027186,train
rijksmuseum_20027187,train
rijksmuseum_20027188,train
rijksmuseum_20027189,val
rijksmuseum_20027190,train
rijksmuseum_20027194,train
rijksmuseum_20027195,train
rijksmuseum_20027196,train
rijksmuseum_20027197,train
rijksmuseum_20027198,train
rijksmuseum_20027199,test
rijksmuseum_20027200,train
rijksmuseum_20027201,test
rijksmuseum_20027202,val
rijksmuseum_20027205,train
rijksmuseum_20027207,train
rijksmuseum_20027209,train
rijksmuseum_20027212,test
rijksmuseum_20027213,train
rijksmuseum_20027214,train
rijksmuseum_20027227,train
rijksmuseum_20027228,train
rijksmuseum_20027229,test
rijksmuseum_20027230,train
rijksmuseum_20027231,val
rijksmuseum_20027234,val
rijksmuseum_20027235,train
rijksmuseum_20027236,train
rijksmuseum_20027237,test
rijksmuseum_20027238,test
rijksmuseum_20027239,train
rijksmuseum_20027240,val
rijksmuseum_20027241,train
rijksmuseum_20027242,train
rijksmuseum_20027243,val
rijksmuseum_20027244,train
rijksmuseum_20027245,train
rijksmuseum_20027246,train
rijksmuseum_20027247,test
rijksmuseum_20027249,test
rijksmuseum_20027250,train
rijksmuseum_20027251,train
rijksmuseum_20027252,test
rijksmuseum_20027253,train
rijksmuseum_20027254,train
rijksmuseum_20027255,train
rijksmuseum_20027258,val
rijksmuseum_20027259,val
rijksmuseum_20027260,train
rijksmuseum_20027261,val
rijksmuseum_20027262,test
rijksmuseum_20027263,train
rijksmuseum_20027264,train
rijksmuseum_20027265,train
rijksmuseum_20027266,val
rijksmuseum_20027267,val
rijksmuseum_20027268,train
rijksmuseum_20027269,train
rijksmuseum_20027270,val
rijksmuseum_20027271,test
rijksmuseum_20027272,train
rijksmuseum_20027273,train
rijksmuseum_20027274,train
rijksmuseum_20027275,train
rijksmuseum_20027276,val
rijksmuseum_20027277,train
rijksmuseum_20027278,train
rijksmuseum_20027279,train
rijksmuseum_20027280,val
rijksmuseum_20027281,train
rijksmuseum_20027283,test
rijksmuseum_20027284,train
rijksmuseum_20027286,train
rijksmuseum_20027287,val
rijksmuseum_20027288,train
rijksmuseum_20027293,train
rijksmuseum_20027294,train
rijksmuseum_20027295,train
rijksmuseum_20027296,test
rijksmuseum_20027297,train
rijksmuseum_20027298,train
rijksmuseum_20027299,val
rijksmuseum_20027301,val
rijksmuseum_20027304,test
rijksmuseum_20027305,val
rijksmuseum_20027306,test
rijksmuseum_20027307,test
rijksmuseum_20027308,train
rijksmuseum_20027309,train
rijksmuseum_20027310,train
rijksmuseum_20027311,test
rijksmuseum_20027349,test
rijksmuseum_20027350,train
rijksmuseum_20027351,val
rijksmuseum_20027352,train
rijksmuseum_20027353,train
rijksmuseum_20027354,train
rijksmuseum_20027355,test
rijksmuseum_20027357,train
rijksmuseum_20027359,train
rijksmuseum_20027362,train
rijksmuseum_20027364,train
rijksmuseum_20027368,train
rijksmuseum_20027370,test
rijksmuseum_20027372,train
rijksmuseum_20027373,val
rijksmuseum_20027374,val
rijksmuseum_20027375,val
rijksmuseum_20027376,train
rijksmuseum_20027377,val
rijksmuseum_20027378,test
rijksmuseum_20027379,train
rijksmuseum_20027380,train
rijksmuseum_20027381,val
rijksmuseum_20027383,train
rijksmuseum_20027384,train
rijksmuseum_20027385,val
rijksmuseum_20027388,train
rijksmuseum_20027389,train
rijksmuseum_20027391,train
rijksmuseum_20027393,train
rijksmuseum_20027394,train
rijksmuseum_20027395,train
rijksmuseum_20027396,train
rijksmuseum_20027400,train
rijksmuseum_20027401,test
rijksmuseum_20027402,train
rijksmuseum_20027403,train
rijksmuseum_20027404,train
rijksmuseum_20027406,train
rijksmuseum_20027407,train
rijksmuseum_20027408,train
rijksmuseum_20027409,val
rijksmuseum_20027410,train
rijksmuseum_20027411,train
rijksmuseum_20027412,val
rijksmuseum_20027414,train
rijksmuseum_20027417,val
rijksmuseum_20027418,train
rijksmuseum_20027420,val
rijksmuseum_20027421,train
rijksmuseum_20027422,test
rijksmuseum_20027423,train
rijksmuseum_20027424,train
rijksmuseum_20027425,train
rijksmuseum_20027426,test
rijksmuseum_20027427,test
rijksmuseum_20027428,train
rijksmuseum_20027430,val
rijksmuseum_20027431,train
rijksmuseum_20027432,train
rijksmuseum_20027433,train
rijksmuseum_20027434,train
rijksmuseum_20027435,train
rijksmuseum_20027436,train
rijksmuseum_20027437,train
rijksmuseum_20027438,train
rijksmuseum_20027439,train
rijksmuseum_20027440,val
rijksmuseum_20027441,train
rijksmuseum_20027442,train
rijksmuseum_20027443,train
rijksmuseum_20027444,train
rijksmuseum_20027445,train
rijksmuseum_20027446,train
rijksmuseum_20027448,train
rijksmuseum_20027449,train
rijksmuseum_20027450,train
rijksmuseum_20027451,train
rijksmuseum_20027452,train
rijksmuseum_20027453,train
rijksmuseum_20027454,test
rijksmuseum_20027455,train
rijksmuseum_20027456,train
rijksmuseum_20027457,train
rijksmuseum_20027458,train
rijksmuseum_20027459,train
rijksmuseum_20027460,test
rijksmuseum_20027461,train
rijksmuseum_20027463,train
rijksmuseum_20027464,train
rijksmuseum_20027465,train
rijksmuseum_20027466,train
rijksmuseum_20027467,val
rijksmuseum_20027468,train
rijksmuseum_20027471,test
rijksmuseum_20027472,train
rijksmuseum_20027473,test
rijksmuseum_20027474,test
rijksmuseum_20027475,train
rijksmuseum_20027476,train
rijksmuseum_20027478,train
rijksmuseum_20027479,train
rijksmuseum_20027480,val
rijksmuseum_20027481,train
rijksmuseum_20027483,train
rijksmuseum_20027485,val
rijksmuseum_20027487,val
rijksmuseum_20027491,test
rijksmuseum_20027492,test
rijksmuseum_20027495,train
rijksmuseum_20027496,train
rijksmuseum_20027498,test
rijksmuseum_20027499,test
rijksmuseum_20027500,val
rijksmuseum_20027502,train
rijksmuseum_20027505,train
rijksmuseum_20027506,val
rijksmuseum_20027507,train
rijksmuseum_20027508,train
rijksmuseum_20027509,train
rijksmuseum_20027511,train
rijksmuseum_20027513,train
rijksmuseum_20027514,train
rijksmuseum_20027515,test
rijksmuseum_20027517,train
rijksmuseum_20027518,test
rijksmuseum_20027519,train
rijksmuseum_20027520,train
rijksmuseum_20027522,val
rijksmuseum_20027523,val
rijksmuseum_20027524,val
rijksmuseum_20027525,train
rijksmuseum_20027526,train
rijksmuseum_20027527,train
rijksmuseum_20027528,train
rijksmuseum_20027529,train
rijksmuseum_20027530,train
rijksmuseum_20027531,val
rijksmuseum_20027532,val
rijksmuseum_20027534,train
rijksmuseum_20027535,train
rijksmuseum_20027536,test
rijksmuseum_20027537,train
rijksmuseum_20027538,train
rijksmuseum_20027539,train
rijksmuseum_20027542,test
rijksmuseum_20027543,train
rijksmuseum_20027544,val
rijksmuseum_20027545,train
rijksmuseum_20027546,test
rijksmuseum_20027547,train
rijksmuseum_20027550,test
rijksmuseum_20027551,train
rijksmuseum_20027552,train
rijksmuseum_20027553,train
rijksmuseum_20027554,test
rijksmuseum_20027555,val
rijksmuseum_20027556,train
rijksmuseum_20027557,train
rijksmuseum_20027558,train
rijksmuseum_20027559,train
rijksmuseum_20027560,train
rijksmuseum_20027561,train
rijksmuseum_20027562,train
rijksmuseum_20027563,train
rijksmuseum_20027564,val
rijksmuseum_20027565,val
rijksmuseum_20027566,train
rijksmuseum_20027567,train
rijksmuseum_20027568,train
rijksmuseum_20027569,train
rijksmuseum_20027570,test
rijksmuseum_20027572,train
rijksmuseum_20027575,test
rijksmuseum_20027576,test
rijksmuseum_20027577,test
rijksmuseum_20027578,train
rijksmuseum_20027579,val
rijksmuseum_20027580,train
rijksmuseum_20027583,train
rijksmuseum_20027584,val
rijksmuseum_20027585,train
rijksmuseum_20027586,train
rijksmuseum_20027589,test
rijksmuseum_20027590,train
rijksmuseum_20027591,train
rijksmuseum_20027592,train
rijksmuseum_20027593,train
rijksmuseum_20027594,train
rijksmuseum_20027596,train
rijksmuseum_20027597,val
rijksmuseum_20027598,train
rijksmuseum_20027599,train
rijksmuseum_20027600,train
rijksmuseum_20027603,train
rijksmuseum_20027604,train
rijksmuseum_20027607,val
rijksmuseum_20027609,train
rijksmuseum_20027610,train
rijksmuseum_20027611,val
rijksmuseum_20027612,test
rijksmuseum_20027613,val
rijksmuseum_20027614,test
rijksmuseum_20027615,train
rijksmuseum_20027616,train
rijksmuseum_20027617,train
rijksmuseum_20027618,train
rijksmuseum_20027619,train
rijksmuseum_20027621,train
rijksmuseum_20027666,train
rijksmuseum_20027667,train
rijksmuseum_20027668,test
rijksmuseum_20027669,val
rijksmuseum_20027670,train
rijksmuseum_20027671,train
rijksmuseum_20027672,val
rijksmuseum_20027673,train
rijksmuseum_20027674,test
rijksmuseum_20027675,train
rijksmuseum_20027676,train
rijksmuseum_20027677,train
rijksmuseum_20027678,val
rijksmuseum_20027679,train
rijksmuseum_20027680,val
rijksmuseum_20027681,train
rijksmuseum_20027682,train
rijksmuseum_20027684,test
rijksmuseum_20027685,train
rijksmuseum_20027686,test
rijksmuseum_20027687,train
rijksmuseum_20027689,train
rijksmuseum_20027690,train
rijksmuseum_20027691,train
rijksmuseum_20027692,train
rijksmuseum_20027693,train
rijksmuseum_20027694,val
rijksmuseum_20027695,val
rijksmuseum_20027696,train
rijksmuseum_20027697,val
rijksmuseum_20027698,test
rijksmuseum_20027699,train
rijksmuseum_20027701,train
rijksmuseum_20027702,test
rijksmuseum_20027703,test
rijksmuseum_20027704,train
rijksmuseum_20027705,train
rijksmuseum_20027709,test
rijksmuseum_20027710,val
rijksmuseum_20027711,val
rijksmuseum_20027712,test
rijksmuseum_20027713,test
rijksmuseum_20027714,train
rijksmuseum_20027715,train
rijksmuseum_20027716,train
rijksmuseum_20027717,train
rijksmuseum_20027719,train
rijksmuseum_20027720,train
rijksmuseum_20027721,val
rijksmuseum_20027722,test
rijksmuseum_20027723,test
rijksmuseum_20027724,train
rijksmuseum_20027726,train
rijksmuseum_20027727,train
rijksmuseum_20027730,val
rijksmuseum_20027731,train
rijksmuseum_20027732,val
rijksmuseum_20027733,train
rijksmuseum_20027734,test
rijksmuseum_20027735,train
rijksmuseum_20027736,train
rijksmuseum_20027737,train
rijksmuseum_20027738,val
rijksmuseum_20027739,train
rijksmuseum_20027740,test
rijksmuseum_20027741,val
rijksmuseum_20027753,val
rijksmuseum_20027754,train
rijksmuseum_20027755,train
rijksmuseum_20027756,train
rijksmuseum_20027757,val
rijksmuseum_20027758,train
rijksmuseum_20027760,val
rijksmuseum_20027761,test
rijksmuseum_20027762,train
rijksmuseum_20027763,train
rijksmuseum_20027764,test
rijksmuseum_20027765,train
rijksmuseum_20027767,val
rijksmuseum_20027769,test
rijksmuseum_20027770,train
rijksmuseum_20027771,train
rijksmuseum_20027772,val
rijksmuseum_20027773,train
rijksmuseum_20027774,val
rijksmuseum_20027775,train
rijksmuseum_20027776,val
rijksmuseum_20027777,train
rijksmuseum_20027778,test
rijksmuseum_20027779,train
rijksmuseum_20027780,val
rijksmuseum_20027782,train
rijksmuseum_20027783,train
rijksmuseum_20027784,train
rijksmuseum_20027788,val
rijksmuseum_20027789,train
rijksmuseum_20027792,train
rijksmuseum_20027793,val
rijksmuseum_20027794,val
rijksmuseum_20027795,train
rijksmuseum_20027796,train
rijksmuseum_20027797,train
rijksmuseum_20027798,test
rijksmuseum_20027799,train
rijksmuseum_20027800,train
rijksmuseum_20027801,test
rijksmuseum_20027802,train
rijksmuseum_20027803,train
rijksmuseum_20027805,train
rijksmuseum_20027806,train
rijksmuseum_20027807,train
rijksmuseum_20027808,val
rijksmuseum_20027809,test
rijksmuseum_20027810,val
rijksmuseum_20027811,test
rijksmuseum_20027812,train
rijksmuseum_20027813,train
rijksmuseum_20027814,val
rijksmuseum_20027818,train
rijksmuseum_20027819,val
rijksmuseum_20027820,val
rijksmuseum_20027821,train
rijksmuseum_20027822,train
rijksmuseum_20027824,train
rijksmuseum_20027825,train
rijksmuseum_20027826,train
rijksmuseum_20027827,train
rijksmuseum_20027828,train
rijksmuseum_20027830,train
rijksmuseum_20027831,test
rijksmuseum_20027832,train
rijksmuseum_20027833,train
rijksmuseum_20027834,train
rijksmuseum_20027835,train
rijksmuseum_20027836,train
rijksmuseum_20027838,train
rijksmuseum_20027839,val
rijksmuseum_20027840,train
rijksmuseum_20027841,test
rijksmuseum_20027842,train
rijksmuseum_20027843,test
rijksmuseum_20027844,train
rijksmuseum_20027845,train
rijksmuseum_20027846,train
rijksmuseum_20027852,train
rijksmuseum_20027853,val
rijksmuseum_20027854,val
rijksmuseum_20027855,train
rijksmuseum_20027856,val
rijksmuseum_20027857,train
rijksmuseum_20027858,train
rijksmuseum_20027859,train
rijksmuseum_20027860,train
rijksmuseum_20027862,train
rijksmuseum_20027863,val
rijksmuseum_20027864,train
rijksmuseum_20027865,test
rijksmuseum_20027866,train
rijksmuseum_20027867,train
rijksmuseum_20027868,train
rijksmuseum_20027869,train
rijksmuseum_20027870,train
rijksmuseum_20027871,train
rijksmuseum_20027872,val
rijksmuseum_20027873,train
rijksmuseum_20027874,val
rijksmuseum_20027875,test
rijksmuseum_20027876,train
rijksmuseum_20027877,train
rijksmuseum_20027878,train
rijksmuseum_20027880,train
rijksmuseum_20027882,train
rijksmuseum_20027883,train
rijksmuseum_20027884,train
rijksmuseum_20027885,val
rijksmuseum_20027887,test
rijksmuseum_20027888,train
rijksmuseum_20027889,val
rijksmuseum_20027890,train
rijksmuseum_20027891,train
rijksmuseum_20027892,train
rijksmuseum_20027893,val
rijksmuseum_20027894,val
rijksmuseum_20027895,val
rijksmuseum_20027896,train
rijksmuseum_20027897,train
rijksmuseum_20027898,val
rijksmuseum_20027899,train
rijksmuseum_20027900,val
rijksmuseum_20027901,train
rijksmuseum_20027902,test
rijksmuseum_20027903,train
rijksmuseum_20027904,train
rijksmuseum_20027905,val
rijksmuseum_20027907,train
rijksmuseum_20027908,train
rijksmuseum_20027909,train
rijksmuseum_20027910,train
rijksmuseum_20027911,test
rijksmuseum_20027912,val
rijksmuseum_20027913,train
rijksmuseum_20027915,train
rijksmuseum_20027916,train
rijksmuseum_20027917,train
rijksmuseum_20027919,train
rijksmuseum_20027921,train
rijksmuseum_20027922,val
rijksmuseum_20027923,test
rijksmuseum_20027924,train
rijksmuseum_20027925,train
rijksmuseum_20027926,test
rijksmuseum_20027928,train
rijksmuseum_20027929,train
rijksmuseum_20027930,val
rijksmuseum_20027931,train
rijksmuseum_20027932,train
rijksmuseum_20027933,test
rijksmuseum_20027934,test
rijksmuseum_20027935,train
rijksmuseum_20027936,train
rijksmuseum_20027937,train
rijksmuseum_20027938,val
rijksmuseum_20027939,train
rijksmuseum_20027940,train
rijksmuseum_20027941,train
rijksmuseum_20027949,train
rijksmuseum_20027951,train
rijksmuseum_20027954,train
rijksmuseum_20027957,val
rijksmuseum_20027958,train
rijksmuseum_20027959,test
rijksmuseum_20027960,train
rijksmuseum_20027961,train
rijksmuseum_20027962,test
rijksmuseum_20027963,val
rijksmuseum_20027964,train
rijksmuseum_20027965,train
rijksmuseum_20027966,train
rijksmuseum_20027967,test
rijksmuseum_20027968,val
rijksmuseum_20027969,train
rijksmuseum_20027970,train
rijksmuseum_20027971,val
rijksmuseum_20027972,train
rijksmuseum_20027973,val
rijksmuseum_20027974,test
rijksmuseum_20027975,test
rijksmuseum_20027976,train
rijksmuseum_20027977,val
rijksmuseum_20027978,train
rijksmuseum_20027979,train
rijksmuseum_20027980,train
rijksmuseum_20027981,test
rijksmuseum_20027982,train
rijksmuseum_20027983,train
rijksmuseum_20027984,val
rijksmuseum_20027985,val
rijksmuseum_20027986,train
rijksmuseum_20027987,train
rijksmuseum_20027988,train
rijksmuseum_20027989,test
rijksmuseum_20027990,train
rijksmuseum_20027991,train
rijksmuseum_20027992,test
rijksmuseum_20027994,train
rijksmuseum_20027995,train
rijksmuseum_20027996,train
rijksmuseum_20027997,test
rijksmuseum_20027999,test
rijksmuseum_20028000,val
rijksmuseum_20028001,train
rijksmuseum_20028002,train
rijksmuseum_20028003,test
rijksmuseum_20028004,test
rijksmuseum_20028005,val
rijksmuseum_20028008,train
rijksmuseum_20028011,train
rijksmuseum_20028012,train
rijksmuseum_20028013,train
rijksmuseum_20028014,train
rijksmuseum_20028015,train
rijksmuseum_20028017,train
rijksmuseum_20028018,train
rijksmuseum_20028019,train
rijksmuseum_20028020,test
rijksmuseum_20028021,train
rijksmuseum_20028022,train
rijksmuseum_20028023,train
rijksmuseum_20028024,val
rijksmuseum_20028025,train
rijksmuseum_20028026,test
rijksmuseum_20028030,val
rijksmuseum_20028032,train
rijksmuseum_20028033,test
rijksmuseum_20028034,test
rijksmuseum_20028038,train
rijksmuseum_20028039,train
rijksmuseum_20028040,test
rijksmuseum_20028041,val
rijksmuseum_20028042,train
rijksmuseum_20028043,train
rijksmuseum_20028044,train
rijksmuseum_20028045,val
rijksmuseum_20028046,train
rijksmuseum_20028048,train
rijksmuseum_20028050,train
rijksmuseum_20028051,test
rijksmuseum_20028053,train
rijksmuseum_20028054,val
rijksmuseum_20028055,train
rijksmuseum_20028056,train
rijksmuseum_20028057,train
rijksmuseum_20028064,train
rijksmuseum_20028066,val
rijksmuseum_20028067,train
rijksmuseum_20028069,train
rijksmuseum_20028071,train
rijksmuseum_20028072,train
rijksmuseum_20028073,val
rijksmuseum_20028075,train
rijksmuseum_20028076,test
rijksmuseum_20028077,train
rijksmuseum_20028078,train
rijksmuseum_20028079,val
rijksmuseum_20028080,train
rijksmuseum_20028081,train
rijksmuseum_20028082,train
rijksmuseum_20028083,test
rijksmuseum_20028085,train
rijksmuseum_20028086,train
rijksmuseum_20028087,train
rijksmuseum_20028089,train
rijksmuseum_20028090,val
rijksmuseum_20028094,train
rijksmuseum_20028095,test
rijksmuseum_20028097,train
rijksmuseum_20028102,train
rijksmuseum_20028103,train
rijksmuseum_20028104,train
rijksmuseum_20028105,train
rijksmuseum_20028106,test
rijksmuseum_20028107,train
rijksmuseum_20028108,train
rijksmuseum_20028109,val
rijksmuseum_20028110,train
rijksmuseum_20028111,train
rijksmuseum_20028112,val
rijksmuseum_20028113,test
rijksmuseum_20028114,train
rijksmuseum_20028115,train
rijksmuseum_20028117,val
rijksmuseum_20028118,train
rijksmuseum_20028119,train
rijksmuseum_20028120,train
rijksmuseum_20028121,train
rijksmuseum_20028122,train
rijksmuseum_20028123,train
rijksmuseum_20028124,train
rijksmuseum_20028125,val
rijksmuseum_20028126,val
rijksmuseum_20028127,val
rijksmuseum_20028128,train
rijksmuseum_20028129,train
rijksmuseum_20028130,train
rijksmuseum_20028131,val
rijksmuseum_20028132,train
rijksmuseum_20028133,test
rijksmuseum_20028134,train
rijksmuseum_20028135,train
rijksmuseum_20028136,train
rijksmuseum_20028137,val
rijksmuseum_20028138,train
rijksmuseum_20028139,train
rijksmuseum_20028140,train
rijksmuseum_20028141,train
rijksmuseum_20028142,val
rijksmuseum_20028143,train
rijksmuseum_20028144,train
rijksmuseum_20028145,train
rijksmuseum_20028146,train
rijksmuseum_20028147,train
rijksmuseum_20028148,train
rijksmuseum_20028149,val
rijksmuseum_20028150,train
rijksmuseum_20028151,val
rijksmuseum_20028152,train
rijksmuseum_20028153,val
rijksmuseum_20028154,train
rijksmuseum_20028155,train
rijksmuseum_20028156,train
rijksmuseum_20028157,train
rijksmuseum_20028158,test
rijksmuseum_20028159,train
rijksmuseum_20028160,train
rijksmuseum_20028164,val
rijksmuseum_20028165,val
rijksmuseum_20028166,train
rijksmuseum_20028167,train
rijksmuseum_20028168,train
rijksmuseum_20028170,val
rijksmuseum_20028171,train
rijksmuseum_20028172,val
rijksmuseum_20028173,train
rijksmuseum_20028174,train
rijksmuseum_20028175,train
rijksmuseum_20028176,val
rijksmuseum_20028177,train
rijksmuseum_20028178,test
rijksmuseum_20028179,val
rijksmuseum_20028180,train
rijksmuseum_20028181,train
rijksmuseum_20028183,val
rijksmuseum_20028184,test
rijksmuseum_20028185,train
rijksmuseum_20028187,train
rijksmuseum_20028190,train
rijksmuseum_20028193,train
rijksmuseum_20028194,train
rijksmuseum_20028195,val
rijksmuseum_20028196,train
rijksmuseum_20028197,train
rijksmuseum_20028198,test
rijksmuseum_20028199,test
rijksmuseum_20028200,train
rijksmuseum_20028201,train
rijksmuseum_20028202,train
rijksmuseum_20028203,train
rijksmuseum_20028204,val
rijksmuseum_20028205,train
rijksmuseum_20028206,train
rijksmuseum_20028207,test
rijksmuseum_20028208,test
rijksmuseum_20028209,train
rijksmuseum_20028210,val
rijksmuseum_20028211,train
rijksmuseum_20028212,test
rijksmuseum_20028213,train
rijksmuseum_20028214,train
rijksmuseum_20028215,train
rijksmuseum_20028220,val
rijksmuseum_20028221,train
rijksmuseum_20028222,train
rijksmuseum_20028223,train
rijksmuseum_20028225,val
rijksmuseum_20028227,test
rijksmuseum_20028228,train
rijksmuseum_20028229,train
rijksmuseum_20028230,val
rijksmuseum_20028234,train
rijksmuseum_20028235,train
rijksmuseum_20028236,train
rijksmuseum_20028237,train
rijksmuseum_20028238,train
rijksmuseum_20028239,test
rijksmuseum_20028240,val
rijksmuseum_20028241,train
rijksmuseum_20028243,train
rijksmuseum_20028244,train
rijksmuseum_20028245,train
rijksmuseum_20028246,train
rijksmuseum_20028247,train
rijksmuseum_20028248,train
rijksmuseum_20028249,train
rijksmuseum_20028250,train
rijksmuseum_20028251,train
rijksmuseum_20028252,train
rijksmuseum_20028253,train
rijksmuseum_20028254,test
rijksmuseum_20028255,train
rijksmuseum_20028256,train
rijksmuseum_20028257,test
rijksmuseum_20028258,train
rijksmuseum_20028259,train
rijksmuseum_20028260,train
rijksmuseum_20028261,train
rijksmuseum_20028262,train
rijksmuseum_20028263,train
rijksmuseum_20028264,train
rijksmuseum_20028265,train
rijksmuseum_20028266,val
rijksmuseum_20028267,train
rijksmuseum_20028268,train
rijksmuseum_20028269,train
rijksmuseum_20028270,test
rijksmuseum_20028271,train
rijksmuseum_20028272,val
rijksmuseum_20028273,test
rijksmuseum_20028274,train
rijksmuseum_20028275,val
rijksmuseum_20028276,train
rijksmuseum_20028277,train
rijksmuseum_20028278,train
rijksmuseum_20028279,train
rijksmuseum_20028280,train
rijksmuseum_20028281,train
rijksmuseum_20028282,val
rijksmuseum_20028283,train
rijksmuseum_20028284,train
rijksmuseum_20028285,test
rijksmuseum_20028286,train
rijksmuseum_20028287,train
rijksmuseum_20028288,train
rijksmuseum_20028290,val
rijksmuseum_20028291,train
rijksmuseum_20028292,train
rijksmuseum_20028293,train
rijksmuseum_20028294,train
rijksmuseum_20028295,test
rijksmuseum_20028296,train
rijksmuseum_20028297,train
rijksmuseum_20028298,train
rijksmuseum_20028299,train
rijksmuseum_20028300,test
rijksmuseum_20028301,train
rijksmuseum_20028302,test
rijksmuseum_20028303,train
rijksmuseum_20028304,train
rijksmuseum_20028305,val
rijksmuseum_20028306,train
rijksmuseum_20028307,test
rijksmuseum_20028308,val
rijksmuseum_20028309,train
rijksmuseum_20028310,train
rijksmuseum_20028311,val
rijksmuseum_20028312,train
rijksmuseum_20028313,train
rijksmuseum_20028314,train
rijksmuseum_20028315,train
rijksmuseum_20028319,train
rijksmuseum_20028320,train
rijksmuseum_20028322,test
rijksmuseum_20028324,test
rijksmuseum_20028325,val
rijksmuseum_20028326,test
rijksmuseum_20028327,train
rijksmuseum_20028328,train
rijksmuseum_20028329,train
rijksmuseum_20028330,train
rijksmuseum_20028333,train
rijksmuseum_20028336,train
rijksmuseum_20028339,train
rijksmuseum_20028342,train
rijksmuseum_20028344,test
rijksmuseum_20028347,test
rijksmuseum_20028348,train
rijksmuseum_20028349,train
rijksmuseum_20028350,train
rijksmuseum_20028354,train
rijksmuseum_20028356,test
rijksmuseum_20028357,val
rijksmuseum_20028433,train
rijksmuseum_20028436,test
rijksmuseum_20028439,train
rijksmuseum_20028440,train
rijksmuseum_20028441,train
rijksmuseum_20028442,val
rijksmuseum_20028443,train
rijksmuseum_20028444,train
rijksmuseum_20028446,train
rijksmuseum_20028447,val
rijksmuseum_20028448,train
rijksmuseum_20028449,train
rijksmuseum_20028450,train
rijksmuseum_20028451,train
rijksmuseum_20028452,train
rijksmuseum_20028453,test
rijksmuseum_20028454,test
rijksmuseum_20028455,train
rijksmuseum_20028456,test
rijksmuseum_20028457,train
rijksmuseum_20028458,test
rijksmuseum_20028459,train
rijksmuseum_20028460,val
rijksmuseum_20028461,val
rijksmuseum_20028462,test
rijksmuseum_20028463,train
rijksmuseum_20028464,train
rijksmuseum_20028465,val
rijksmuseum_20028466,train
rijksmuseum_20028467,val
rijksmuseum_20028468,val
rijksmuseum_20028469,train
rijksmuseum_20028470,val
rijksmuseum_20028471,test
rijksmuseum_20028472,train
rijksmuseum_20028473,train
rijksmuseum_20028475,train
rijksmuseum_20028476,train
rijksmuseum_20028477,train
rijksmuseum_20028478,train
rijksmuseum_20028479,train
rijksmuseum_20028480,val
rijksmuseum_20028481,train
rijksmuseum_20028484,train
rijksmuseum_20028486,train
rijksmuseum_20028490,train
rijksmuseum_20028491,train
rijksmuseum_20028493,train
rijksmuseum_20028494,train
rijksmuseum_20028495,train
rijksmuseum_20028496,train
rijksmuseum_20028497,test
rijksmuseum_20028498,train
rijksmuseum_20028499,val
rijksmuseum_20028500,test
rijksmuseum_20028501,val
rijksmuseum_20028502,train
rijksmuseum_20028503,train
rijksmuseum_20028504,val
rijksmuseum_20028506,train
rijksmuseum_20028509,train
rijksmuseum_20028510,test
rijksmuseum_20028513,test
rijksmuseum_20028514,val
rijksmuseum_20028517,test
rijksmuseum_20028518,train
rijksmuseum_20028522,val
rijksmuseum_20028523,train
rijksmuseum_20028524,train
rijksmuseum_20028525,test
rijksmuseum_20028526,test
rijksmuseum_20028527,train
rijksmuseum_20028528,val
rijksmuseum_20028529,train
rijksmuseum_20028530,train
rijksmuseum_20028531,test
rijksmuseum_20028532,train
rijksmuseum_20028533,train
rijksmuseum_20028534,train
rijksmuseum_20028535,val
rijksmuseum_20028536,train
rijksmuseum_20028538,train
rijksmuseum_20028539,test
rijksmuseum_20028541,val
rijksmuseum_20028542,train
rijksmuseum_20028543,train
rijksmuseum_20028544,val
rijksmuseum_20028545,val
rijksmuseum_20028546,train
rijksmuseum_20028547,test
rijksmuseum_20028548,train
rijksmuseum_20028550,train
rijksmuseum_20028551,train
rijksmuseum_20028552,train
rijksmuseum_20028553,train
rijksmuseum_20028554,train
rijksmuseum_20028556,train
rijksmuseum_20028558,test
rijksmuseum_20028559,train
rijksmuseum_20028560,train
rijksmuseum_20028561,val
rijksmuseum_20028562,train
rijksmuseum_20028563,train
rijksmuseum_20028564,train
rijksmuseum_20028565,val
rijksmuseum_20028566,train
rijksmuseum_20028567,train
rijksmuseum_20028568,train
rijksmuseum_20028569,train
rijksmuseum_20028570,train
rijksmuseum_20028575,test
rijksmuseum_20028576,train
rijksmuseum_20028577,train
rijksmuseum_20028578,train
rijksmuseum_20028579,val
rijksmuseum_20028580,train
rijksmuseum_20028585,train
rijksmuseum_20028586,train
rijksmuseum_20028587,train
rijksmuseum_20028588,train
rijksmuseum_20028643,train
rijksmuseum_20028645,train
rijksmuseum_20028646,train
rijksmuseum_20028650,train
rijksmuseum_20028651,train
rijksmuseum_20028652,test
rijksmuseum_20028655,train
rijksmuseum_20028660,train
rijksmuseum_20028662,train
rijksmuseum_20028663,train
rijksmuseum_20028665,train
rijksmuseum_20028666,test
rijksmuseum_20028668,train
rijksmuseum_20028669,val
rijksmuseum_20028670,train
rijksmuseum_20028671,train
rijksmuseum_20028672,train
rijksmuseum_20028673,train
rijksmuseum_20028675,train
rijksmuseum_20028682,test
rijksmuseum_20028683,train
rijksmuseum_20028684,val
rijksmuseum_20028685,train
rijksmuseum_20028686,train
rijksmuseum_20028687,train
rijksmuseum_20028688,val
rijksmuseum_20028689,train
rijksmuseum_20028690,test
rijksmuseum_20028691,val
rijksmuseum_20028692,val
rijksmuseum_20028693,train
rijksmuseum_20028696,train
rijksmuseum_20028697,train
rijksmuseum_20028698,train
rijksmuseum_20028699,train
rijksmuseum_20028700,val
rijksmuseum_20028701,train
rijksmuseum_20028703,train
rijksmuseum_20028705,train
rijksmuseum_20028706,train
rijksmuseum_20028707,train
rijksmuseum_20028708,train
rijksmuseum_20028709,val
rijksmuseum_20028710,val
rijksmuseum_20028711,val
rijksmuseum_20028712,test
rijksmuseum_20028715,train
rijksmuseum_20028716,train
rijksmuseum_20028717,train
rijksmuseum_20028718,train
rijksmuseum_20028719,train
rijksmuseum_20028720,train
rijksmuseum_20028721,val
rijksmuseum_20028722,train
rijksmuseum_20028724,train
rijksmuseum_20028728,train
rijksmuseum_20028730,train
rijksmuseum_20028731,train
rijksmuseum_20028732,train
rijksmuseum_20028733,train
rijksmuseum_20028735,test
rijksmuseum_20028737,test
rijksmuseum_20028738,test
rijksmuseum_20028739,test
rijksmuseum_20028740,val
rijksmuseum_20028741,train
rijksmuseum_20028742,train
rijksmuseum_20028744,val
rijksmuseum_20028745,val
rijksmuseum_20028746,train
rijksmuseum_20028747,train
rijksmuseum_20028749,train
rijksmuseum_20028750,train
rijksmuseum_20028751,val
rijksmuseum_20028752,train
rijksmuseum_20028753,train
rijksmuseum_20028754,test
rijksmuseum_20028755,train
rijksmuseum_20028756,train
rijksmuseum_20028765,train
rijksmuseum_20028766,test
rijksmuseum_20028767,train
rijksmuseum_20028771,test
rijksmuseum_20028773,train
rijksmuseum_20028774,train
rijksmuseum_20028775,train
rijksmuseum_20028777,train
rijksmuseum_20028778,train
rijksmuseum_20028781,train
rijksmuseum_20028782,train
rijksmuseum_20028784,train
rijksmuseum_20028785,train
rijksmuseum_20028788,train
rijksmuseum_20028790,train
rijksmuseum_20028791,val
rijksmuseum_20028794,train
rijksmuseum_20028795,train
rijksmuseum_20028796,test
rijksmuseum_20028797,test
rijksmuseum_20028798,train
rijksmuseum_20028799,val
rijksmuseum_20028800,train
rijksmuseum_20028805,train
rijksmuseum_20028807,test
rijksmuseum_20028810,train
rijksmuseum_20028813,train
rijksmuseum_20028815,train
rijksmuseum_20028816,train
rijksmuseum_20028817,train
rijksmuseum_20028819,train
rijksmuseum_20028822,train
rijksmuseum_20028825,train
rijksmuseum_20028827,train
rijksmuseum_20028830,train
rijksmuseum_20028831,train
rijksmuseum_20028832,train
rijksmuseum_20028833,train
rijksmuseum_20028836,train
rijksmuseum_20028839,train
rijksmuseum_20028840,test
rijksmuseum_20028841,val
rijksmuseum_20028843,train
rijksmuseum_20028844,test
rijksmuseum_20028845,train
rijksmuseum_20028846,val
rijksmuseum_20028847,test
rijksmuseum_20028848,train
rijksmuseum_20028850,train
rijksmuseum_20028851,val
rijksmuseum_20028856,train
rijksmuseum_20028859,train
rijksmuseum_20028860,train
rijksmuseum_20028864,train
rijksmuseum_20028865,train
rijksmuseum_20028866,test
rijksmuseum_20028867,test
rijksmuseum_20028868,train
rijksmuseum_20028869,train
rijksmuseum_20028870,train
rijksmuseum_20028871,train
rijksmuseum_20028872,train
rijksmuseum_20028874,train
rijksmuseum_20028876,train
rijksmuseum_20028877,train
rijksmuseum_20028880,train
rijksmuseum_20028881,train
rijksmuseum_20028882,train
rijksmuseum_20028883,test
rijksmuseum_20028884,train
rijksmuseum_20028885,train
rijksmuseum_20028886,train
rijksmuseum_20028887,train
rijksmuseum_20028888,train
rijksmuseum_20028889,train
rijksmuseum_20028890,train
rijksmuseum_20028891,train
rijksmuseum_20028892,train
rijksmuseum_20028893,train
rijksmuseum_20028896,train
rijksmuseum_20028898,train
rijksmuseum_20028899,val
rijksmuseum_20028901,train
rijksmuseum_20028903,train
rijksmuseum_20028904,test
rijksmuseum_20028905,val
rijksmuseum_20028906,train
rijksmuseum_20028907,train
rijksmuseum_20028908,train
rijksmuseum_20028909,train
rijksmuseum_20028910,train
rijksmuseum_20028911,val
rijksmuseum_20028914,train
rijksmuseum_20028915,train
rijksmuseum_20028916,train
rijksmuseum_20028917,val
rijksmuseum_20028918,test
rijksmuseum_20028919,train
rijksmuseum_20028921,train
rijksmuseum_20028922,val
rijksmuseum_20028923,train
rijksmuseum_20028924,val
rijksmuseum_20028926,test
rijksmuseum_20028927,train
rijksmuseum_20028928,test
rijksmuseum_20028929,train
rijksmuseum_20028930,train
rijksmuseum_20028931,train
rijksmuseum_20028933,train
rijksmuseum_20028934,train
rijksmuseum_20028935,train
rijksmuseum_20028936,train
rijksmuseum_20028937,val
rijksmuseum_20028938,train
rijksmuseum_20028939,train
rijksmuseum_20028940,train
rijksmuseum_20028941,train
rijksmuseum_20028942,train
rijksmuseum_20028943,train
rijksmuseum_20028944,train
rijksmuseum_20028945,val
rijksmuseum_20028946,train
rijksmuseum_20028947,train
rijksmuseum_20028948,test
rijksmuseum_20028949,train
rijksmuseum_20028950,train
rijksmuseum_20028951,val
rijksmuseum_20028952,train
rijksmuseum_20028953,train
rijksmuseum_20028955,train
rijksmuseum_20028956,val
rijksmuseum_20028957,train
rijksmuseum_20028958,train
rijksmuseum_20028960,train
rijksmuseum_20028961,train
rijksmuseum_20028962,train
rijksmuseum_20028963,train
rijksmuseum_20028964,train
rijksmuseum_20028966,test
rijksmuseum_20028967,test
rijksmuseum_20028968,train
rijksmuseum_20028970,train
rijksmuseum_20028971,train
rijksmuseum_20028972,val
rijksmuseum_20028973,train
rijksmuseum_20028984,train
rijksmuseum_20028987,val
rijksmuseum_20028989,train
rijksmuseum_20028990,train
rijksmuseum_20028995,val
rijksmuseum_20028996,train
rijksmuseum_20028998,train
rijksmuseum_20029024,train
rijksmuseum_20029026,val
rijksmuseum_20029028,test
rijksmuseum_20029029,train
rijksmuseum_20029030,val
rijksmuseum_20029031,train
rijksmuseum_20029032,test
rijksmuseum_20029033,train
rijksmuseum_20029034,train
rijksmuseum_20029035,test
rijksmuseum_20029036,train
rijksmuseum_20029038,train
rijksmuseum_20029039,train
rijksmuseum_20029040,train
rijksmuseum_20029041,train
rijksmuseum_20029043,test
rijksmuseum_20029044,train
rijksmuseum_20029045,val
rijksmuseum_20029047,train
rijksmuseum_20029048,train
rijksmuseum_20029049,train
rijksmuseum_20029050,train
rijksmuseum_20029051,train
rijksmuseum_20029052,val
rijksmuseum_20029053,train
rijksmuseum_20029054,train
rijksmuseum_20029055,val
rijksmuseum_20029056,train
rijksmuseum_20029057,train
rijksmuseum_20029059,train
rijksmuseum_20029060,train
rijksmuseum_20029061,test
rijksmuseum_20029062,val
rijksmuseum_20029063,val
rijksmuseum_20029064,train
rijksmuseum_20029065,val
rijksmuseum_20029066,val
rijksmuseum_20029067,train
rijksmuseum_20029070,train
rijksmuseum_20029073,train
rijksmuseum_20029074,train
rijksmuseum_20029076,train
rijksmuseum_20029077,test
rijksmuseum_20029078,train
rijksmuseum_20029079,train
rijksmuseum_2002910,train
rijksmuseum_2002916,val
rijksmuseum_20029218,train
rijksmuseum_20029231,train
rijksmuseum_20029232,train
rijksmuseum_20029233,train
rijksmuseum_20029234,test
rijksmuseum_20029235,val
rijksmuseum_20029236,test
rijksmuseum_20029237,train
rijksmuseum_20029238,train
rijksmuseum_20029239,test
rijksmuseum_20029240,train
rijksmuseum_20029241,train
rijksmuseum_20029242,train
rijksmuseum_20029243,train
rijksmuseum_20029244,val
rijksmuseum_20029246,test
rijksmuseum_20029247,val
rijksmuseum_20029248,val
rijksmuseum_20029249,train
rijksmuseum_20029252,val
rijksmuseum_20029253,train
rijksmuseum_20029254,val
rijksmuseum_20029255,train
rijksmuseum_20029256,test
rijksmuseum_20029257,test
rijksmuseum_20029258,train
rijksmuseum_20029259,train
rijksmuseum_20029260,train
rijksmuseum_20029263,train
rijksmuseum_20029264,train
rijksmuseum_20029265,train
rijksmuseum_20029285,train
rijksmuseum_20029289,test
rijksmuseum_2002929,train
rijksmuseum_20029290,train
rijksmuseum_20029292,val
rijksmuseum_20029293,train
rijksmuseum_20029294,train
rijksmuseum_20029295,train
rijksmuseum_20029296,train
rijksmuseum_20029297,train
rijksmuseum_20029299,train
rijksmuseum_20029300,val
rijksmuseum_20029301,train
rijksmuseum_20029302,train
rijksmuseum_20029304,train
rijksmuseum_20029305,val
rijksmuseum_20029306,train
rijksmuseum_20029307,train
rijksmuseum_20029310,train
rijksmuseum_20029311,train
rijksmuseum_20029312,train
rijksmuseum_20029313,val
rijksmuseum_20029314,train
rijksmuseum_20029317,test
rijksmuseum_20029318,train
rijksmuseum_20029319,val
rijksmuseum_20029320,train
rijksmuseum_20029321,val
rijksmuseum_20029322,train
rijksmuseum_20029323,train
rijksmuseum_20029324,test
rijksmuseum_20029325,train
rijksmuseum_20029326,train
rijksmuseum_20029327,val
rijksmuseum_20029328,val
rijksmuseum_20029329,train
rijksmuseum_20029330,train
rijksmuseum_20029331,val
rijksmuseum_20029332,train
rijksmuseum_20029333,test
rijksmuseum_20029334,train
rijksmuseum_20029335,train
rijksmuseum_20029336,train
rijksmuseum_20029337,val
rijksmuseum_20029339,train
rijksmuseum_20029340,train
rijksmuseum_20029341,train
rijksmuseum_20029342,train
rijksmuseum_20029344,train
rijksmuseum_2003051,train
rijksmuseum_200305926,train
rijksmuseum_200306009,val
rijksmuseum_200309013,train
rijksmuseum_200315425,train
rijksmuseum_200318048,train
rijksmuseum_200318898,val
rijksmuseum_200320381,test
rijksmuseum_200320851,train
rijksmuseum_200351635,train
rijksmuseum_200364355,train
rijksmuseum_200364356,train
rijksmuseum_200364357,train
rijksmuseum_200364358,test
rijksmuseum_200364359,train
rijksmuseum_200364360,val
rijksmuseum_200364361,train
rijksmuseum_200364362,train
rijksmuseum_200364363,train
rijksmuseum_200364364,train
rijksmuseum_200364365,train
rijksmuseum_200364366,train
rijksmuseum_200364395,val
rijksmuseum_200364402,train
rijksmuseum_200365372,train
rijksmuseum_200366173,train
rijksmuseum_200366180,train
rijksmuseum_200366525,train
rijksmuseum_200366760,train
rijksmuseum_2003672,train
rijksmuseum_200371363,train
rijksmuseum_20037625,test
rijksmuseum_200376276,train
rijksmuseum_20037631,val
rijksmuseum_200376459,train
rijksmuseum_200380019,test
rijksmuseum_200383431,train
rijksmuseum_200383434,train
rijksmuseum_200383435,train
rijksmuseum_200383437,val
rijksmuseum_200383439,test
rijksmuseum_200383441,train
rijksmuseum_200383493,train
rijksmuseum_200383497,test
rijksmuseum_200383501,val
rijksmuseum_200383649,train
rijksmuseum_200383650,train
rijksmuseum_200383651,train
rijksmuseum_200384570,train
rijksmuseum_200384572,test
rijksmuseum_200384574,test
rijksmuseum_200384575,train
rijksmuseum_200384576,train
rijksmuseum_200384577,val
rijksmuseum_200384580,train
rijksmuseum_200384683,train
rijksmuseum_200388715,val
rijksmuseum_200396287,train
rijksmuseum_200403743,test
rijksmuseum_200410142,train
rijksmuseum_200410811,val
rijksmuseum_200411629,train
rijksmuseum_200411630,train
rijksmuseum_200411699,train
rijksmuseum_200412280,train
rijksmuseum_200412333,train
rijksmuseum_200412418,train
rijksmuseum_200412674,train
rijksmuseum_200412737,train
rijksmuseum_200412769,train
rijksmuseum_200412933,train
rijksmuseum_200414231,train
rijksmuseum_200414232,train
rijksmuseum_200414233,train
rijksmuseum_200414234,train
rijksmuseum_200414511,train
rijksmuseum_200415342,val
rijksmuseum_200415343,train
rijksmuseum_200415344,train
rijksmuseum_200415345,test
rijksmuseum_200415346,train
rijksmuseum_200415347,train
rijksmuseum_200415348,train
rijksmuseum_200415972,train
rijksmuseum_200416106,train
rijksmuseum_200416850,train
rijksmuseum_200416851,train
rijksmuseum_200416852,test
rijksmuseum_200416853,val
rijksmuseum_200416858,train
rijksmuseum_200416903,train
rijksmuseum_200416906,train
rijksmuseum_200416907,train
rijksmuseum_200417180,train
rijksmuseum_200417253,train
rijksmuseum_200417256,test
rijksmuseum_200419594,train
rijksmuseum_20042026,train
rijksmuseum_20042036,train
rijksmuseum_20042082,train
rijksmuseum_2004209,val
rijksmuseum_200420913,train
rijksmuseum_200420979,train
rijksmuseum_2004250,train
rijksmuseum_2004251,train
rijksmuseum_2004252,train
rijksmuseum_2004253,train
rijksmuseum_2004258,train
rijksmuseum_200425904,val
rijksmuseum_2004265,train
rijksmuseum_2004266,train
rijksmuseum_200445746,train
rijksmuseum_2004499,test
rijksmuseum_2004533,train
rijksmuseum_2004535,train
rijksmuseum_200466436,train
rijksmuseum_200466437,val
rijksmuseum_200466440,train
rijksmuseum_200467012,train
rijksmuseum_200467013,train
rijksmuseum_200467262,test
rijksmuseum_20046865,train
rijksmuseum_20046866,train
rijksmuseum_200471064,train
rijksmuseum_200471926,train
rijksmuseum_20047486,train
rijksmuseum_20047490,test
rijksmuseum_200475283,val
rijksmuseum_200476947,train
rijksmuseum_200478594,train
rijksmuseum_200478995,train
rijksmuseum_200480888,train
rijksmuseum_200480889,train
rijksmuseum_20048406,train
rijksmuseum_200494333,test
rijksmuseum_200502239,train
rijksmuseum_200507518,train
rijksmuseum_200507519,train
rijksmuseum_200507520,train
rijksmuseum_200507521,val
rijksmuseum_200507522,train
rijksmuseum_200507523,val
rijksmuseum_200507524,val
rijksmuseum_200507525,val
rijksmuseum_200507526,val
rijksmuseum_200510275,train
rijksmuseum_200516039,train
rijksmuseum_200520863,test
rijksmuseum_200520864,train
rijksmuseum_200520865,train
rijksmuseum_200520866,train
rijksmuseum_200520867,val
rijksmuseum_200528134,train
rijksmuseum_200529588,train
rijksmuseum_20052986,train
rijksmuseum_200532947,test
rijksmuseum_200537545,train
rijksmuseum_200539386,val
rijksmuseum_200539388,train
rijksmuseum_200539391,train
rijksmuseum_200539649,train
rijksmuseum_200539651,train
rijksmuseum_200539652,val
rijksmuseum_200539653,train
rijksmuseum_200542080,train
rijksmuseum_20054523,train
rijksmuseum_20054535,val
rijksmuseum_200546455,train
rijksmuseum_20054666,test
rijksmuseum_200547969,val
rijksmuseum_200549071,val
rijksmuseum_200549128,train
rijksmuseum_200549129,train
rijksmuseum_200549130,train
rijksmuseum_200549806,train
rijksmuseum_200549871,test
rijksmuseum_200549872,train
rijksmuseum_200550768,train
rijksmuseum_200552425,val
rijksmuseum_20055644,test
rijksmuseum_20055826,train
rijksmuseum_20055827,test
rijksmuseum_20055828,val
rijksmuseum_200564533,test
rijksmuseum_20056546,train
rijksmuseum_200570362,train
rijksmuseum_20057294,train
rijksmuseum_20058205,test
rijksmuseum_20058603,train
rijksmuseum_200586378,train
rijksmuseum_20058728,train
rijksmuseum_20058994,train
rijksmuseum_20058995,train
rijksmuseum_200593120,train
rijksmuseum_200593121,train
rijksmuseum_20059315,test
rijksmuseum_20060063,train
rijksmuseum_20060344,train
rijksmuseum_20060352,train
rijksmuseum_20060362,train
rijksmuseum_20060363,val
rijksmuseum_20060364,val
rijksmuseum_20060365,test
rijksmuseum_20060663,test
rijksmuseum_20060664,train
rijksmuseum_20060665,train
rijksmuseum_20060675,train
rijksmuseum_200609417,test
rijksmuseum_200609465,test
rijksmuseum_200609468,train
rijksmuseum_200612824,train
rijksmuseum_200614287,test
rijksmuseum_20061479,train
rijksmuseum_20061487,train
rijksmuseum_20061509,val
rijksmuseum_20062169,train
rijksmuseum_20062170,train
rijksmuseum_20062173,train
rijksmuseum_20062568,train
rijksmuseum_20062576,val
rijksmuseum_20062893,train
rijksmuseum_20062894,train
rijksmuseum_20062895,val
rijksmuseum_2006374,test
rijksmuseum_20063862,test
rijksmuseum_20063893,train
rijksmuseum_200639587,train
rijksmuseum_2006396,train
rijksmuseum_2006398,val
rijksmuseum_2006406,train
rijksmuseum_2006409,val
rijksmuseum_2006415,train
rijksmuseum_20064189,train
rijksmuseum_20064215,train
rijksmuseum_200642954,train
rijksmuseum_20064788,val
rijksmuseum_20064797,train
rijksmuseum_20064798,test
rijksmuseum_20064842,train
rijksmuseum_20064868,train
rijksmuseum_20065066,train
rijksmuseum_200653392,train
rijksmuseum_200653393,train
rijksmuseum_20065874,val
rijksmuseum_20065875,train
rijksmuseum_20065879,train
rijksmuseum_20065881,val
rijksmuseum_20065882,train
rijksmuseum_20065884,train
rijksmuseum_20065885,train
rijksmuseum_20065886,train
rijksmuseum_20065887,train
rijksmuseum_20065912,train
rijksmuseum_20066485,train
rijksmuseum_20066486,val
rijksmuseum_20066487,train
rijksmuseum_20066488,train
rijksmuseum_20066586,train
rijksmuseum_200672685,train
rijksmuseum_200672686,train
rijksmuseum_200672687,train
rijksmuseum_20067485,train
rijksmuseum_20067545,train
rijksmuseum_20068105,train
rijksmuseum_200682944,train
rijksmuseum_200682945,val
rijksmuseum_20068694,train
rijksmuseum_200689032,train
rijksmuseum_20069099,train
rijksmuseum_20070338,val
rijksmuseum_20070466,train
rijksmuseum_200705411,train
rijksmuseum_200705955,train
rijksmuseum_20071200,train
rijksmuseum_20071201,train
rijksmuseum_20071215,train
rijksmuseum_200715373,train
rijksmuseum_200715430,train
rijksmuseum_20071593,test
rijksmuseum_20071594,train
rijksmuseum_20071727,train
rijksmuseum_200718371,train
rijksmuseum_200719351,test
rijksmuseum_200722927,train
rijksmuseum_200729310,train
rijksmuseum_200730036,train
rijksmuseum_200730058,val
rijksmuseum_200730115,train
rijksmuseum_20073375,train
rijksmuseum_20073472,train
rijksmuseum_20073493,train
rijksmuseum_200738236,train
rijksmuseum_200739642,test
rijksmuseum_200742047,train
rijksmuseum_20074241,val
rijksmuseum_20074242,train
rijksmuseum_20074243,val
rijksmuseum_20074246,train
rijksmuseum_20074681,val
rijksmuseum_200749307,train
rijksmuseum_200749724,train
rijksmuseum_200750323,train
rijksmuseum_20075080,train
rijksmuseum_20075114,train
rijksmuseum_200752923,train
rijksmuseum_20075613,train
rijksmuseum_20075614,train
rijksmuseum_20075909,val
rijksmuseum_200765007,val
rijksmuseum_200767282,train
rijksmuseum_200770092,train
rijksmuseum_200776260,train
rijksmuseum_20078328,train
rijksmuseum_20078329,train
rijksmuseum_20078330,train
rijksmuseum_20078354,train
rijksmuseum_200787461,train
rijksmuseum_20078750,test
rijksmuseum_20078751,train
rijksmuseum_20078759,train
rijksmuseum_20079147,train
rijksmuseum_20079258,test
rijksmuseum_20079259,test
rijksmuseum_20079262,train
rijksmuseum_20080353,test
rijksmuseum_200813350,val
rijksmuseum_200815187,val
rijksmuseum_200825114,train
rijksmuseum_20082766,val
rijksmuseum_200830028,train
rijksmuseum_200834751,train
rijksmuseum_20083841,train
rijksmuseum_20083842,train
rijksmuseum_200839673,train
rijksmuseum_200844831,train
rijksmuseum_200844901,train
rijksmuseum_200844904,train
rijksmuseum_200845361,val
rijksmuseum_200845928,val
rijksmuseum_200849530,train
rijksmuseum_200851329,test
rijksmuseum_200862979,train
rijksmuseum_20086850,train
rijksmuseum_200872012,train
rijksmuseum_200877149,train
rijksmuseum_20087836,train
rijksmuseum_20087837,train
rijksmuseum_20087838,test
rijksmuseum_20088139,train
rijksmuseum_200886053,train
rijksmuseum_20088785,train
rijksmuseum_20088786,train
rijksmuseum_20088821,train
rijksmuseum_200891357,train
rijksmuseum_200892878,train
rijksmuseum_20089790,train
rijksmuseum_20089792,train
rijksmuseum_20089940,train
rijksmuseum_200900392,train
rijksmuseum_200900481,test
rijksmuseum_20090720,train
rijksmuseum_20090777,train
rijksmuseum_20090903,train
rijksmuseum_20090999,train
rijksmuseum_20091113,train
rijksmuseum_200911171,train
rijksmuseum_20092109,train
rijksmuseum_2009322,train
rijksmuseum_2009323,train
rijksmuseum_2009324,val
rijksmuseum_2009347,train
rijksmuseum_2009348,val
rijksmuseum_2009363,train
rijksmuseum_2009364,train
rijksmuseum_2009980,train
